user_id,skill_name,correct,order_id,timestamp
student_001,ch4,0,1,2026-08-29T09:03
student_001,ch4,0,2,2026-08-29T09:07
student_001,ch4,0,3,2026-08-29T09:11
student_001,ch4,0,4,2026-08-29T09:13
student_001,ch4,0,5,2026-08-29T09:16
student_001,ch4,0,6,2026-08-29T09:20
student_001,ch4,0,7,2026-08-29T09:24
student_001,ch4,0,8,2026-08-29T09:26
student_001,ch4,0,9,2026-08-29T09:27
student_001,ch5,1,1,2026-08-29T09:29
student_001,ch5,0,2,2026-08-29T09:33
student_001,ch5,0,3,2026-08-29T09:37
student_001,ch5,0,4,2026-08-29T09:41
student_001,ch5,0,5,2026-08-29T09:42
student_001,ch1,0,1,2026-08-29T09:45
student_001,ch1,0,2,2026-08-29T09:48
student_001,ch1,1,3,2026-08-29T09:52
student_001,ch1,1,4,2026-08-29T09:53
student_001,ch1,0,5,2026-08-29T09:56
student_001,ch7,0,1,2026-08-29T09:57
student_001,ch7,0,2,2026-08-29T10:00
student_001,ch7,0,3,2026-08-29T10:02
student_001,ch7,1,4,2026-08-29T10:04
student_001,ch7,0,5,2026-08-29T10:05
student_001,ch7,0,6,2026-08-29T10:09
student_001,ch2,0,1,2026-08-29T10:12
student_001,ch2,0,2,2026-08-29T10:14
student_001,ch2,0,3,2026-08-29T10:15
student_001,ch2,0,4,2026-08-29T10:19
student_001,ch2,0,5,2026-08-29T10:21
student_001,ch2,0,6,2026-08-29T10:25
student_001,ch2,0,7,2026-08-29T10:27
student_001,ch0,0,1,2026-08-29T10:29
student_001,ch0,0,2,2026-08-29T10:31
student_001,ch0,0,3,2026-08-29T10:35
student_001,ch0,0,4,2026-08-29T10:38
student_001,ch0,0,5,2026-08-29T10:42
student_001,ch0,0,6,2026-08-29T10:44
student_001,ch0,0,7,2026-08-29T10:45
student_001,ch0,0,8,2026-08-29T10:47
student_001,ch0,0,9,2026-08-29T10:48
student_001,ch6,1,1,2026-08-29T10:49
student_001,ch6,0,2,2026-08-29T10:52
student_001,ch6,1,3,2026-08-29T10:54
student_001,ch6,1,4,2026-08-29T10:58
student_001,ch6,1,5,2026-08-29T11:00
student_001,ch6,0,6,2026-08-29T11:04
student_001,ch6,1,7,2026-08-29T11:08
student_001,ch6,0,8,2026-08-29T11:10
student_001,ch6,1,9,2026-08-29T11:14
student_001,ch6,1,10,2026-08-29T11:18
student_001,ch3,1,1,2026-08-29T11:19
student_001,ch3,1,2,2026-08-29T11:22
student_001,ch3,0,3,2026-08-29T11:23
student_001,ch3,1,4,2026-08-29T11:25
student_001,ch3,0,5,2026-08-29T11:27
student_001,ch3,1,6,2026-08-29T11:30
student_001,ch3,1,7,2026-08-29T11:31
student_001,ch3,1,8,2026-08-29T11:32
student_001,ch3,1,9,2026-08-29T11:33
student_001,ch3,0,10,2026-08-29T11:35
student_002,ch7,0,1,2026-08-29T09:03
student_002,ch7,0,2,2026-08-29T09:07
student_002,ch7,0,3,2026-08-29T09:11
student_002,ch7,0,4,2026-08-29T09:14
student_002,ch7,0,5,2026-08-29T09:15
student_002,ch0,1,1,2026-08-29T09:18
student_002,ch0,1,2,2026-08-29T09:22
student_002,ch0,0,3,2026-08-29T09:24
student_002,ch0,1,4,2026-08-29T09:25
student_002,ch0,0,5,2026-08-29T09:26
student_002,ch0,0,6,2026-08-29T09:28
student_002,ch0,1,7,2026-08-29T09:30
student_002,ch0,0,8,2026-08-29T09:31
student_002,ch0,0,9,2026-08-29T09:35
student_002,ch4,0,1,2026-08-29T09:38
student_002,ch4,1,2,2026-08-29T09:41
student_002,ch4,1,3,2026-08-29T09:45
student_002,ch4,1,4,2026-08-29T09:48
student_002,ch4,1,5,2026-08-29T09:49
student_002,ch4,1,6,2026-08-29T09:50
student_002,ch4,1,7,2026-08-29T09:52
student_002,ch4,1,8,2026-08-29T09:54
student_002,ch4,0,9,2026-08-29T09:55
student_002,ch1,1,1,2026-08-29T09:59
student_002,ch1,0,2,2026-08-29T10:02
student_002,ch1,0,3,2026-08-29T10:03
student_002,ch1,0,4,2026-08-29T10:06
student_002,ch1,0,5,2026-08-29T10:07
student_002,ch1,0,6,2026-08-29T10:09
student_002,ch1,1,7,2026-08-29T10:10
student_002,ch5,1,1,2026-08-29T10:12
student_002,ch5,0,2,2026-08-29T10:14
student_002,ch5,0,3,2026-08-29T10:17
student_002,ch5,0,4,2026-08-29T10:20
student_002,ch5,0,5,2026-08-29T10:21
student_002,ch5,1,6,2026-08-29T10:25
student_002,ch6,1,1,2026-08-29T10:27
student_002,ch6,0,2,2026-08-29T10:30
student_002,ch6,1,3,2026-08-29T10:34
student_002,ch6,0,4,2026-08-29T10:38
student_002,ch6,0,5,2026-08-29T10:39
student_002,ch3,0,1,2026-08-29T10:40
student_002,ch3,0,2,2026-08-29T10:42
student_002,ch3,0,3,2026-08-29T10:43
student_002,ch3,0,4,2026-08-29T10:44
student_002,ch3,0,5,2026-08-29T10:46
student_002,ch3,0,6,2026-08-29T10:47
student_002,ch3,0,7,2026-08-29T10:51
student_002,ch3,0,8,2026-08-29T10:53
student_002,ch3,0,9,2026-08-29T10:55
student_002,ch3,0,10,2026-08-29T10:57
student_002,ch2,1,1,2026-08-29T11:00
student_002,ch2,0,2,2026-08-29T11:04
student_002,ch2,0,3,2026-08-29T11:06
student_002,ch2,1,4,2026-08-29T11:07
student_002,ch2,1,5,2026-08-29T11:08
student_003,ch4,1,1,2026-08-29T09:03
student_003,ch4,1,2,2026-08-29T09:04
student_003,ch4,0,3,2026-08-29T09:07
student_003,ch4,1,4,2026-08-29T09:11
student_003,ch4,0,5,2026-08-29T09:14
student_003,ch4,0,6,2026-08-29T09:15
student_003,ch4,0,7,2026-08-29T09:18
student_003,ch4,1,8,2026-08-29T09:21
student_003,ch4,1,9,2026-08-29T09:25
student_003,ch4,1,10,2026-08-29T09:28
student_003,ch0,1,1,2026-08-29T09:30
student_003,ch0,1,2,2026-08-29T09:34
student_003,ch0,1,3,2026-08-29T09:36
student_003,ch0,1,4,2026-08-29T09:37
student_003,ch0,0,5,2026-08-29T09:40
student_003,ch0,0,6,2026-08-29T09:41
student_003,ch0,0,7,2026-08-29T09:44
student_003,ch0,1,8,2026-08-29T09:48
student_003,ch0,1,9,2026-08-29T09:51
student_003,ch5,1,1,2026-08-29T09:55
student_003,ch5,0,2,2026-08-29T09:57
student_003,ch5,0,3,2026-08-29T10:00
student_003,ch5,1,4,2026-08-29T10:01
student_003,ch5,1,5,2026-08-29T10:03
student_003,ch5,1,6,2026-08-29T10:06
student_003,ch2,0,1,2026-08-29T10:10
student_003,ch2,0,2,2026-08-29T10:12
student_003,ch2,0,3,2026-08-29T10:15
student_003,ch2,0,4,2026-08-29T10:18
student_003,ch2,1,5,2026-08-29T10:20
student_003,ch2,0,6,2026-08-29T10:22
student_003,ch2,0,7,2026-08-29T10:24
student_003,ch2,1,8,2026-08-29T10:26
student_003,ch3,0,1,2026-08-29T10:27
student_003,ch3,0,2,2026-08-29T10:29
student_003,ch3,0,3,2026-08-29T10:33
student_003,ch3,0,4,2026-08-29T10:35
student_003,ch3,1,5,2026-08-29T10:36
student_003,ch3,0,6,2026-08-29T10:37
student_003,ch3,0,7,2026-08-29T10:39
student_003,ch3,1,8,2026-08-29T10:43
student_003,ch3,1,9,2026-08-29T10:45
student_003,ch6,1,1,2026-08-29T10:49
student_003,ch6,0,2,2026-08-29T10:52
student_003,ch6,0,3,2026-08-29T10:56
student_003,ch6,0,4,2026-08-29T11:00
student_003,ch6,0,5,2026-08-29T11:04
student_003,ch1,0,1,2026-08-29T11:08
student_003,ch1,1,2,2026-08-29T11:10
student_003,ch1,0,3,2026-08-29T11:13
student_003,ch1,0,4,2026-08-29T11:17
student_003,ch1,0,5,2026-08-29T11:20
student_003,ch1,0,6,2026-08-29T11:23
student_003,ch1,1,7,2026-08-29T11:26
student_003,ch1,1,8,2026-08-29T11:27
student_003,ch1,1,9,2026-08-29T11:29
student_003,ch1,1,10,2026-08-29T11:31
student_003,ch7,1,1,2026-08-29T11:34
student_003,ch7,1,2,2026-08-29T11:38
student_003,ch7,1,3,2026-08-29T11:42
student_003,ch7,1,4,2026-08-29T11:43
student_003,ch7,0,5,2026-08-29T11:47
student_004,ch4,0,1,2026-08-29T09:01
student_004,ch4,0,2,2026-08-29T09:05
student_004,ch4,0,3,2026-08-29T09:09
student_004,ch4,0,4,2026-08-29T09:10
student_004,ch4,0,5,2026-08-29T09:11
student_004,ch4,1,6,2026-08-29T09:15
student_004,ch4,1,7,2026-08-29T09:19
student_004,ch6,0,1,2026-08-29T09:21
student_004,ch6,0,2,2026-08-29T09:24
student_004,ch6,0,3,2026-08-29T09:28
student_004,ch6,0,4,2026-08-29T09:32
student_004,ch6,0,5,2026-08-29T09:33
student_004,ch6,0,6,2026-08-29T09:34
student_004,ch6,0,7,2026-08-29T09:37
student_004,ch1,0,1,2026-08-29T09:38
student_004,ch1,0,2,2026-08-29T09:40
student_004,ch1,0,3,2026-08-29T09:41
student_004,ch1,0,4,2026-08-29T09:43
student_004,ch1,0,5,2026-08-29T09:44
student_004,ch3,0,1,2026-08-29T09:47
student_004,ch3,0,2,2026-08-29T09:49
student_004,ch3,0,3,2026-08-29T09:50
student_004,ch3,0,4,2026-08-29T09:52
student_004,ch3,0,5,2026-08-29T09:53
student_004,ch3,0,6,2026-08-29T09:56
student_004,ch5,0,1,2026-08-29T09:58
student_004,ch5,1,2,2026-08-29T10:00
student_004,ch5,1,3,2026-08-29T10:03
student_004,ch5,0,4,2026-08-29T10:04
student_004,ch5,0,5,2026-08-29T10:05
student_004,ch5,1,6,2026-08-29T10:09
student_004,ch5,0,7,2026-08-29T10:10
student_004,ch5,0,8,2026-08-29T10:13
student_004,ch2,0,1,2026-08-29T10:14
student_004,ch2,0,2,2026-08-29T10:17
student_004,ch2,0,3,2026-08-29T10:21
student_004,ch2,0,4,2026-08-29T10:25
student_004,ch2,0,5,2026-08-29T10:28
student_004,ch2,0,6,2026-08-29T10:32
student_004,ch2,0,7,2026-08-29T10:35
student_004,ch2,0,8,2026-08-29T10:37
student_004,ch0,1,1,2026-08-29T10:41
student_004,ch0,1,2,2026-08-29T10:45
student_004,ch0,0,3,2026-08-29T10:49
student_004,ch0,1,4,2026-08-29T10:53
student_004,ch0,0,5,2026-08-29T10:55
student_004,ch7,0,1,2026-08-29T10:58
student_004,ch7,0,2,2026-08-29T11:01
student_004,ch7,0,3,2026-08-29T11:03
student_004,ch7,1,4,2026-08-29T11:07
student_004,ch7,0,5,2026-08-29T11:09
student_004,ch7,0,6,2026-08-29T11:13
student_004,ch7,0,7,2026-08-29T11:14
student_005,ch0,0,1,2026-08-29T09:03
student_005,ch0,0,2,2026-08-29T09:07
student_005,ch0,0,3,2026-08-29T09:10
student_005,ch0,0,4,2026-08-29T09:12
student_005,ch0,0,5,2026-08-29T09:14
student_005,ch0,0,6,2026-08-29T09:18
student_005,ch0,0,7,2026-08-29T09:21
student_005,ch0,0,8,2026-08-29T09:23
student_005,ch0,0,9,2026-08-29T09:26
student_005,ch6,0,1,2026-08-29T09:28
student_005,ch6,0,2,2026-08-29T09:29
student_005,ch6,0,3,2026-08-29T09:31
student_005,ch6,0,4,2026-08-29T09:35
student_005,ch6,0,5,2026-08-29T09:36
student_005,ch4,0,1,2026-08-29T09:39
student_005,ch4,1,2,2026-08-29T09:40
student_005,ch4,1,3,2026-08-29T09:44
student_005,ch4,1,4,2026-08-29T09:45
student_005,ch4,1,5,2026-08-29T09:46
student_005,ch4,1,6,2026-08-29T09:47
student_005,ch4,1,7,2026-08-29T09:50
student_005,ch4,1,8,2026-08-29T09:52
student_005,ch5,0,1,2026-08-29T09:54
student_005,ch5,0,2,2026-08-29T09:58
student_005,ch5,0,3,2026-08-29T10:02
student_005,ch5,0,4,2026-08-29T10:06
student_005,ch5,0,5,2026-08-29T10:07
student_005,ch5,0,6,2026-08-29T10:08
student_005,ch5,0,7,2026-08-29T10:10
student_005,ch5,0,8,2026-08-29T10:13
student_005,ch3,1,1,2026-08-29T10:14
student_005,ch3,1,2,2026-08-29T10:18
student_005,ch3,1,3,2026-08-29T10:22
student_005,ch3,1,4,2026-08-29T10:24
student_005,ch3,1,5,2026-08-29T10:27
student_005,ch3,1,6,2026-08-29T10:31
student_005,ch7,0,1,2026-08-29T10:33
student_005,ch7,0,2,2026-08-29T10:35
student_005,ch7,0,3,2026-08-29T10:38
student_005,ch7,0,4,2026-08-29T10:39
student_005,ch7,0,5,2026-08-29T10:42
student_005,ch7,0,6,2026-08-29T10:45
student_005,ch2,0,1,2026-08-29T10:49
student_005,ch2,0,2,2026-08-29T10:53
student_005,ch2,0,3,2026-08-29T10:54
student_005,ch2,0,4,2026-08-29T10:57
student_005,ch2,0,5,2026-08-29T10:58
student_005,ch2,0,6,2026-08-29T10:59
student_005,ch2,0,7,2026-08-29T11:02
student_005,ch2,0,8,2026-08-29T11:04
student_005,ch1,0,1,2026-08-29T11:07
student_005,ch1,1,2,2026-08-29T11:11
student_005,ch1,0,3,2026-08-29T11:15
student_005,ch1,0,4,2026-08-29T11:19
student_005,ch1,0,5,2026-08-29T11:22
student_005,ch1,0,6,2026-08-29T11:23
student_005,ch1,0,7,2026-08-29T11:26
student_005,ch1,0,8,2026-08-29T11:30
student_005,ch1,0,9,2026-08-29T11:34
student_005,ch1,0,10,2026-08-29T11:35
student_006,ch3,0,1,2026-08-29T09:04
student_006,ch3,0,2,2026-08-29T09:06
student_006,ch3,0,3,2026-08-29T09:10
student_006,ch3,0,4,2026-08-29T09:11
student_006,ch3,1,5,2026-08-29T09:13
student_006,ch1,0,1,2026-08-29T09:17
student_006,ch1,1,2,2026-08-29T09:19
student_006,ch1,0,3,2026-08-29T09:22
student_006,ch1,0,4,2026-08-29T09:26
student_006,ch1,1,5,2026-08-29T09:27
student_006,ch1,0,6,2026-08-29T09:28
student_006,ch1,0,7,2026-08-29T09:30
student_006,ch1,0,8,2026-08-29T09:33
student_006,ch6,0,1,2026-08-29T09:37
student_006,ch6,0,2,2026-08-29T09:39
student_006,ch6,0,3,2026-08-29T09:41
student_006,ch6,0,4,2026-08-29T09:43
student_006,ch6,0,5,2026-08-29T09:46
student_006,ch6,0,6,2026-08-29T09:50
student_006,ch6,0,7,2026-08-29T09:53
student_006,ch4,0,1,2026-08-29T09:57
student_006,ch4,0,2,2026-08-29T10:01
student_006,ch4,0,3,2026-08-29T10:04
student_006,ch4,0,4,2026-08-29T10:08
student_006,ch4,0,5,2026-08-29T10:11
student_006,ch4,0,6,2026-08-29T10:13
student_006,ch4,0,7,2026-08-29T10:15
student_006,ch5,1,1,2026-08-29T10:19
student_006,ch5,0,2,2026-08-29T10:23
student_006,ch5,1,3,2026-08-29T10:25
student_006,ch5,1,4,2026-08-29T10:26
student_006,ch5,1,5,2026-08-29T10:29
student_006,ch5,0,6,2026-08-29T10:33
student_006,ch5,1,7,2026-08-29T10:37
student_006,ch5,1,8,2026-08-29T10:39
student_006,ch2,0,1,2026-08-29T10:40
student_006,ch2,0,2,2026-08-29T10:43
student_006,ch2,0,3,2026-08-29T10:47
student_006,ch2,0,4,2026-08-29T10:50
student_006,ch2,0,5,2026-08-29T10:54
student_006,ch2,0,6,2026-08-29T10:58
student_006,ch2,0,7,2026-08-29T10:59
student_006,ch2,0,8,2026-08-29T11:01
student_006,ch2,0,9,2026-08-29T11:04
student_006,ch2,0,10,2026-08-29T11:05
student_006,ch0,0,1,2026-08-29T11:06
student_006,ch0,0,2,2026-08-29T11:09
student_006,ch0,0,3,2026-08-29T11:10
student_006,ch0,0,4,2026-08-29T11:11
student_006,ch0,0,5,2026-08-29T11:14
student_006,ch7,0,1,2026-08-29T11:16
student_006,ch7,1,2,2026-08-29T11:17
student_006,ch7,0,3,2026-08-29T11:21
student_006,ch7,0,4,2026-08-29T11:23
student_006,ch7,0,5,2026-08-29T11:25
student_006,ch7,1,6,2026-08-29T11:28
student_007,ch6,0,1,2026-08-29T09:03
student_007,ch6,0,2,2026-08-29T09:07
student_007,ch6,0,3,2026-08-29T09:11
student_007,ch6,0,4,2026-08-29T09:13
student_007,ch6,0,5,2026-08-29T09:17
student_007,ch6,0,6,2026-08-29T09:21
student_007,ch6,0,7,2026-08-29T09:24
student_007,ch4,1,1,2026-08-29T09:28
student_007,ch4,1,2,2026-08-29T09:29
student_007,ch4,0,3,2026-08-29T09:33
student_007,ch4,0,4,2026-08-29T09:36
student_007,ch4,0,5,2026-08-29T09:38
student_007,ch4,0,6,2026-08-29T09:41
student_007,ch4,1,7,2026-08-29T09:43
student_007,ch1,0,1,2026-08-29T09:45
student_007,ch1,0,2,2026-08-29T09:46
student_007,ch1,0,3,2026-08-29T09:50
student_007,ch1,1,4,2026-08-29T09:53
student_007,ch1,0,5,2026-08-29T09:54
student_007,ch1,0,6,2026-08-29T09:57
student_007,ch1,0,7,2026-08-29T09:59
student_007,ch1,0,8,2026-08-29T10:02
student_007,ch1,0,9,2026-08-29T10:05
student_007,ch1,0,10,2026-08-29T10:08
student_007,ch3,0,1,2026-08-29T10:11
student_007,ch3,0,2,2026-08-29T10:14
student_007,ch3,0,3,2026-08-29T10:18
student_007,ch3,0,4,2026-08-29T10:20
student_007,ch3,0,5,2026-08-29T10:22
student_007,ch3,0,6,2026-08-29T10:26
student_007,ch3,0,7,2026-08-29T10:29
student_007,ch3,1,8,2026-08-29T10:33
student_007,ch0,1,1,2026-08-29T10:36
student_007,ch0,0,2,2026-08-29T10:39
student_007,ch0,0,3,2026-08-29T10:42
student_007,ch0,1,4,2026-08-29T10:44
student_007,ch0,0,5,2026-08-29T10:47
student_007,ch0,0,6,2026-08-29T10:49
student_007,ch0,0,7,2026-08-29T10:53
student_007,ch0,0,8,2026-08-29T10:56
student_007,ch0,0,9,2026-08-29T10:57
student_007,ch5,0,1,2026-08-29T11:01
student_007,ch5,1,2,2026-08-29T11:03
student_007,ch5,0,3,2026-08-29T11:05
student_007,ch5,0,4,2026-08-29T11:08
student_007,ch5,0,5,2026-08-29T11:12
student_007,ch2,1,1,2026-08-29T11:16
student_007,ch2,0,2,2026-08-29T11:20
student_007,ch2,0,3,2026-08-29T11:23
student_007,ch2,1,4,2026-08-29T11:26
student_007,ch2,1,5,2026-08-29T11:30
student_007,ch2,0,6,2026-08-29T11:33
student_007,ch2,1,7,2026-08-29T11:36
student_007,ch2,1,8,2026-08-29T11:39
student_007,ch2,1,9,2026-08-29T11:42
student_007,ch2,1,10,2026-08-29T11:43
student_007,ch7,1,1,2026-08-29T11:45
student_007,ch7,0,2,2026-08-29T11:46
student_007,ch7,1,3,2026-08-29T11:49
student_007,ch7,1,4,2026-08-29T11:51
student_007,ch7,0,5,2026-08-29T11:53
student_007,ch7,1,6,2026-08-29T11:55
student_007,ch7,1,7,2026-08-29T11:57
student_007,ch7,1,8,2026-08-29T11:59
student_008,ch4,1,1,2026-08-29T09:03
student_008,ch4,0,2,2026-08-29T09:05
student_008,ch4,0,3,2026-08-29T09:06
student_008,ch4,1,4,2026-08-29T09:07
student_008,ch4,1,5,2026-08-29T09:11
student_008,ch3,1,1,2026-08-29T09:15
student_008,ch3,0,2,2026-08-29T09:16
student_008,ch3,0,3,2026-08-29T09:18
student_008,ch3,0,4,2026-08-29T09:19
student_008,ch3,0,5,2026-08-29T09:22
student_008,ch3,0,6,2026-08-29T09:23
student_008,ch3,1,7,2026-08-29T09:27
student_008,ch3,0,8,2026-08-29T09:31
student_008,ch3,0,9,2026-08-29T09:35
student_008,ch3,0,10,2026-08-29T09:39
student_008,ch7,0,1,2026-08-29T09:41
student_008,ch7,1,2,2026-08-29T09:44
student_008,ch7,0,3,2026-08-29T09:47
student_008,ch7,0,4,2026-08-29T09:50
student_008,ch7,0,5,2026-08-29T09:54
student_008,ch6,1,1,2026-08-29T09:56
student_008,ch6,0,2,2026-08-29T09:58
student_008,ch6,0,3,2026-08-29T10:02
student_008,ch6,0,4,2026-08-29T10:03
student_008,ch6,0,5,2026-08-29T10:06
student_008,ch6,0,6,2026-08-29T10:09
student_008,ch6,0,7,2026-08-29T10:13
student_008,ch6,1,8,2026-08-29T10:14
student_008,ch6,1,9,2026-08-29T10:15
student_008,ch6,0,10,2026-08-29T10:18
student_008,ch5,1,1,2026-08-29T10:21
student_008,ch5,0,2,2026-08-29T10:25
student_008,ch5,1,3,2026-08-29T10:29
student_008,ch5,0,4,2026-08-29T10:30
student_008,ch5,0,5,2026-08-29T10:33
student_008,ch5,1,6,2026-08-29T10:35
student_008,ch5,1,7,2026-08-29T10:39
student_008,ch5,1,8,2026-08-29T10:40
student_008,ch5,1,9,2026-08-29T10:43
student_008,ch1,0,1,2026-08-29T10:47
student_008,ch1,0,2,2026-08-29T10:48
student_008,ch1,0,3,2026-08-29T10:51
student_008,ch1,1,4,2026-08-29T10:54
student_008,ch1,0,5,2026-08-29T10:57
student_008,ch1,0,6,2026-08-29T11:00
student_008,ch1,1,7,2026-08-29T11:02
student_008,ch2,1,1,2026-08-29T11:03
student_008,ch2,1,2,2026-08-29T11:05
student_008,ch2,1,3,2026-08-29T11:09
student_008,ch2,1,4,2026-08-29T11:12
student_008,ch2,1,5,2026-08-29T11:15
student_008,ch2,0,6,2026-08-29T11:16
student_008,ch2,0,7,2026-08-29T11:18
student_008,ch2,1,8,2026-08-29T11:19
student_008,ch0,0,1,2026-08-29T11:23
student_008,ch0,0,2,2026-08-29T11:27
student_008,ch0,0,3,2026-08-29T11:29
student_008,ch0,0,4,2026-08-29T11:30
student_008,ch0,0,5,2026-08-29T11:31
student_008,ch0,0,6,2026-08-29T11:35
student_008,ch0,0,7,2026-08-29T11:38
student_009,ch6,0,1,2026-08-29T09:03
student_009,ch6,0,2,2026-08-29T09:04
student_009,ch6,1,3,2026-08-29T09:08
student_009,ch6,1,4,2026-08-29T09:12
student_009,ch6,0,5,2026-08-29T09:14
student_009,ch6,0,6,2026-08-29T09:17
student_009,ch2,1,1,2026-08-29T09:18
student_009,ch2,0,2,2026-08-29T09:19
student_009,ch2,0,3,2026-08-29T09:23
student_009,ch2,0,4,2026-08-29T09:27
student_009,ch2,0,5,2026-08-29T09:31
student_009,ch2,1,6,2026-08-29T09:34
student_009,ch2,1,7,2026-08-29T09:38
student_009,ch2,0,8,2026-08-29T09:41
student_009,ch2,1,9,2026-08-29T09:42
student_009,ch2,1,10,2026-08-29T09:46
student_009,ch5,0,1,2026-08-29T09:49
student_009,ch5,1,2,2026-08-29T09:51
student_009,ch5,1,3,2026-08-29T09:52
student_009,ch5,0,4,2026-08-29T09:54
student_009,ch5,0,5,2026-08-29T09:57
student_009,ch5,1,6,2026-08-29T09:59
student_009,ch5,1,7,2026-08-29T10:01
student_009,ch5,1,8,2026-08-29T10:03
student_009,ch7,1,1,2026-08-29T10:07
student_009,ch7,1,2,2026-08-29T10:11
student_009,ch7,0,3,2026-08-29T10:14
student_009,ch7,0,4,2026-08-29T10:17
student_009,ch7,1,5,2026-08-29T10:18
student_009,ch7,1,6,2026-08-29T10:21
student_009,ch7,0,7,2026-08-29T10:22
student_009,ch7,1,8,2026-08-29T10:23
student_009,ch7,1,9,2026-08-29T10:27
student_009,ch7,1,10,2026-08-29T10:30
student_009,ch4,0,1,2026-08-29T10:31
student_009,ch4,0,2,2026-08-29T10:35
student_009,ch4,0,3,2026-08-29T10:36
student_009,ch4,0,4,2026-08-29T10:38
student_009,ch4,0,5,2026-08-29T10:42
student_009,ch3,0,1,2026-08-29T10:45
student_009,ch3,0,2,2026-08-29T10:46
student_009,ch3,0,3,2026-08-29T10:48
student_009,ch3,1,4,2026-08-29T10:52
student_009,ch3,0,5,2026-08-29T10:54
student_009,ch1,0,1,2026-08-29T10:57
student_009,ch1,0,2,2026-08-29T10:58
student_009,ch1,0,3,2026-08-29T11:01
student_009,ch1,1,4,2026-08-29T11:02
student_009,ch1,0,5,2026-08-29T11:06
student_009,ch1,0,6,2026-08-29T11:08
student_009,ch1,0,7,2026-08-29T11:10
student_009,ch0,0,1,2026-08-29T11:14
student_009,ch0,1,2,2026-08-29T11:15
student_009,ch0,1,3,2026-08-29T11:19
student_009,ch0,0,4,2026-08-29T11:22
student_009,ch0,0,5,2026-08-29T11:23
student_009,ch0,0,6,2026-08-29T11:27
student_009,ch0,0,7,2026-08-29T11:28
student_010,ch3,1,1,2026-08-29T09:03
student_010,ch3,0,2,2026-08-29T09:04
student_010,ch3,0,3,2026-08-29T09:05
student_010,ch3,0,4,2026-08-29T09:07
student_010,ch3,0,5,2026-08-29T09:09
student_010,ch3,1,6,2026-08-29T09:11
student_010,ch0,0,1,2026-08-29T09:13
student_010,ch0,0,2,2026-08-29T09:16
student_010,ch0,0,3,2026-08-29T09:20
student_010,ch0,0,4,2026-08-29T09:22
student_010,ch0,0,5,2026-08-29T09:26
student_010,ch4,1,1,2026-08-29T09:30
student_010,ch4,1,2,2026-08-29T09:33
student_010,ch4,0,3,2026-08-29T09:37
student_010,ch4,0,4,2026-08-29T09:39
student_010,ch4,0,5,2026-08-29T09:41
student_010,ch4,0,6,2026-08-29T09:42
student_010,ch6,0,1,2026-08-29T09:43
student_010,ch6,0,2,2026-08-29T09:44
student_010,ch6,0,3,2026-08-29T09:46
student_010,ch6,0,4,2026-08-29T09:48
student_010,ch6,0,5,2026-08-29T09:49
student_010,ch6,0,6,2026-08-29T09:51
student_010,ch6,0,7,2026-08-29T09:54
student_010,ch7,1,1,2026-08-29T09:57
student_010,ch7,1,2,2026-08-29T09:58
student_010,ch7,1,3,2026-08-29T09:59
student_010,ch7,1,4,2026-08-29T10:00
student_010,ch7,0,5,2026-08-29T10:03
student_010,ch7,0,6,2026-08-29T10:05
student_010,ch7,1,7,2026-08-29T10:09
student_010,ch7,1,8,2026-08-29T10:11
student_010,ch1,0,1,2026-08-29T10:12
student_010,ch1,0,2,2026-08-29T10:13
student_010,ch1,1,3,2026-08-29T10:15
student_010,ch1,0,4,2026-08-29T10:19
student_010,ch1,1,5,2026-08-29T10:22
student_010,ch1,1,6,2026-08-29T10:23
student_010,ch1,1,7,2026-08-29T10:27
student_010,ch1,0,8,2026-08-29T10:31
student_010,ch2,0,1,2026-08-29T10:32
student_010,ch2,0,2,2026-08-29T10:34
student_010,ch2,0,3,2026-08-29T10:37
student_010,ch2,0,4,2026-08-29T10:40
student_010,ch2,0,5,2026-08-29T10:44
student_010,ch2,0,6,2026-08-29T10:45
student_010,ch2,0,7,2026-08-29T10:48
student_010,ch2,1,8,2026-08-29T10:49
student_010,ch5,1,1,2026-08-29T10:53
student_010,ch5,0,2,2026-08-29T10:56
student_010,ch5,0,3,2026-08-29T10:59
student_010,ch5,0,4,2026-08-29T11:02
student_010,ch5,1,5,2026-08-29T11:03
student_010,ch5,0,6,2026-08-29T11:06
student_010,ch5,1,7,2026-08-29T11:09
student_010,ch5,0,8,2026-08-29T11:11
student_011,ch2,1,1,2026-08-29T09:02
student_011,ch2,0,2,2026-08-29T09:05
student_011,ch2,0,3,2026-08-29T09:09
student_011,ch2,0,4,2026-08-29T09:13
student_011,ch2,0,5,2026-08-29T09:15
student_011,ch2,0,6,2026-08-29T09:16
student_011,ch6,1,1,2026-08-29T09:19
student_011,ch6,1,2,2026-08-29T09:23
student_011,ch6,0,3,2026-08-29T09:27
student_011,ch6,1,4,2026-08-29T09:29
student_011,ch6,1,5,2026-08-29T09:33
student_011,ch6,1,6,2026-08-29T09:36
student_011,ch6,0,7,2026-08-29T09:40
student_011,ch0,0,1,2026-08-29T09:42
student_011,ch0,0,2,2026-08-29T09:45
student_011,ch0,1,3,2026-08-29T09:48
student_011,ch0,0,4,2026-08-29T09:51
student_011,ch0,0,5,2026-08-29T09:55
student_011,ch0,0,6,2026-08-29T09:59
student_011,ch0,0,7,2026-08-29T10:00
student_011,ch0,0,8,2026-08-29T10:03
student_011,ch0,0,9,2026-08-29T10:07
student_011,ch4,1,1,2026-08-29T10:11
student_011,ch4,0,2,2026-08-29T10:13
student_011,ch4,0,3,2026-08-29T10:15
student_011,ch4,0,4,2026-08-29T10:19
student_011,ch4,1,5,2026-08-29T10:20
student_011,ch1,0,1,2026-08-29T10:24
student_011,ch1,0,2,2026-08-29T10:25
student_011,ch1,0,3,2026-08-29T10:29
student_011,ch1,0,4,2026-08-29T10:32
student_011,ch1,0,5,2026-08-29T10:33
student_011,ch1,0,6,2026-08-29T10:36
student_011,ch1,0,7,2026-08-29T10:39
student_011,ch1,0,8,2026-08-29T10:40
student_011,ch1,0,9,2026-08-29T10:42
student_011,ch1,0,10,2026-08-29T10:46
student_011,ch3,1,1,2026-08-29T10:49
student_011,ch3,0,2,2026-08-29T10:51
student_011,ch3,0,3,2026-08-29T10:54
student_011,ch3,0,4,2026-08-29T10:58
student_011,ch3,1,5,2026-08-29T11:00
student_011,ch5,1,1,2026-08-29T11:04
student_011,ch5,0,2,2026-08-29T11:07
student_011,ch5,0,3,2026-08-29T11:08
student_011,ch5,0,4,2026-08-29T11:11
student_011,ch5,0,5,2026-08-29T11:13
student_011,ch5,0,6,2026-08-29T11:15
student_011,ch5,0,7,2026-08-29T11:17
student_011,ch5,1,8,2026-08-29T11:19
student_011,ch7,0,1,2026-08-29T11:20
student_011,ch7,0,2,2026-08-29T11:23
student_011,ch7,0,3,2026-08-29T11:25
student_011,ch7,0,4,2026-08-29T11:26
student_011,ch7,1,5,2026-08-29T11:30
student_011,ch7,0,6,2026-08-29T11:34
student_012,ch2,0,1,2026-08-29T09:03
student_012,ch2,1,2,2026-08-29T09:05
student_012,ch2,0,3,2026-08-29T09:07
student_012,ch2,0,4,2026-08-29T09:08
student_012,ch2,0,5,2026-08-29T09:10
student_012,ch2,0,6,2026-08-29T09:12
student_012,ch2,0,7,2026-08-29T09:14
student_012,ch2,0,8,2026-08-29T09:17
student_012,ch1,1,1,2026-08-29T09:20
student_012,ch1,1,2,2026-08-29T09:23
student_012,ch1,0,3,2026-08-29T09:24
student_012,ch1,1,4,2026-08-29T09:26
student_012,ch1,1,5,2026-08-29T09:28
student_012,ch1,1,6,2026-08-29T09:31
student_012,ch1,0,7,2026-08-29T09:32
student_012,ch5,1,1,2026-08-29T09:35
student_012,ch5,0,2,2026-08-29T09:39
student_012,ch5,0,3,2026-08-29T09:40
student_012,ch5,0,4,2026-08-29T09:43
student_012,ch5,0,5,2026-08-29T09:46
student_012,ch0,0,1,2026-08-29T09:50
student_012,ch0,1,2,2026-08-29T09:51
student_012,ch0,1,3,2026-08-29T09:55
student_012,ch0,0,4,2026-08-29T09:57
student_012,ch0,1,5,2026-08-29T09:59
student_012,ch0,1,6,2026-08-29T10:02
student_012,ch0,0,7,2026-08-29T10:05
student_012,ch0,0,8,2026-08-29T10:07
student_012,ch0,0,9,2026-08-29T10:08
student_012,ch0,1,10,2026-08-29T10:12
student_012,ch4,0,1,2026-08-29T10:13
student_012,ch4,1,2,2026-08-29T10:17
student_012,ch4,0,3,2026-08-29T10:21
student_012,ch4,0,4,2026-08-29T10:23
student_012,ch4,0,5,2026-08-29T10:26
student_012,ch4,0,6,2026-08-29T10:28
student_012,ch4,0,7,2026-08-29T10:32
student_012,ch4,0,8,2026-08-29T10:35
student_012,ch3,0,1,2026-08-29T10:39
student_012,ch3,0,2,2026-08-29T10:41
student_012,ch3,0,3,2026-08-29T10:42
student_012,ch3,1,4,2026-08-29T10:46
student_012,ch3,0,5,2026-08-29T10:50
student_012,ch7,0,1,2026-08-29T10:54
student_012,ch7,1,2,2026-08-29T10:57
student_012,ch7,0,3,2026-08-29T11:01
student_012,ch7,0,4,2026-08-29T11:05
student_012,ch7,1,5,2026-08-29T11:07
student_012,ch6,1,1,2026-08-29T11:11
student_012,ch6,0,2,2026-08-29T11:14
student_012,ch6,0,3,2026-08-29T11:15
student_012,ch6,1,4,2026-08-29T11:16
student_012,ch6,0,5,2026-08-29T11:19
student_012,ch6,0,6,2026-08-29T11:22
student_012,ch6,0,7,2026-08-29T11:24
student_013,ch2,0,1,2026-08-29T09:02
student_013,ch2,0,2,2026-08-29T09:05
student_013,ch2,1,3,2026-08-29T09:08
student_013,ch2,0,4,2026-08-29T09:12
student_013,ch2,0,5,2026-08-29T09:15
student_013,ch2,0,6,2026-08-29T09:16
student_013,ch2,0,7,2026-08-29T09:17
student_013,ch2,0,8,2026-08-29T09:20
student_013,ch2,0,9,2026-08-29T09:21
student_013,ch1,0,1,2026-08-29T09:23
student_013,ch1,0,2,2026-08-29T09:27
student_013,ch1,1,3,2026-08-29T09:31
student_013,ch1,1,4,2026-08-29T09:33
student_013,ch1,1,5,2026-08-29T09:34
student_013,ch1,1,6,2026-08-29T09:38
student_013,ch1,1,7,2026-08-29T09:40
student_013,ch3,1,1,2026-08-29T09:44
student_013,ch3,0,2,2026-08-29T09:45
student_013,ch3,0,3,2026-08-29T09:47
student_013,ch3,0,4,2026-08-29T09:51
student_013,ch3,0,5,2026-08-29T09:54
student_013,ch3,0,6,2026-08-29T09:58
student_013,ch7,0,1,2026-08-29T10:01
student_013,ch7,0,2,2026-08-29T10:03
student_013,ch7,0,3,2026-08-29T10:06
student_013,ch7,0,4,2026-08-29T10:08
student_013,ch7,0,5,2026-08-29T10:11
student_013,ch7,0,6,2026-08-29T10:13
student_013,ch7,0,7,2026-08-29T10:17
student_013,ch5,0,1,2026-08-29T10:20
student_013,ch5,0,2,2026-08-29T10:24
student_013,ch5,0,3,2026-08-29T10:28
student_013,ch5,0,4,2026-08-29T10:30
student_013,ch5,0,5,2026-08-29T10:33
student_013,ch5,0,6,2026-08-29T10:34
student_013,ch5,0,7,2026-08-29T10:38
student_013,ch0,0,1,2026-08-29T10:40
student_013,ch0,0,2,2026-08-29T10:43
student_013,ch0,0,3,2026-08-29T10:46
student_013,ch0,1,4,2026-08-29T10:48
student_013,ch0,1,5,2026-08-29T10:50
student_013,ch0,0,6,2026-08-29T10:51
student_013,ch0,1,7,2026-08-29T10:54
student_013,ch0,0,8,2026-08-29T10:55
student_013,ch0,0,9,2026-08-29T10:57
student_013,ch0,1,10,2026-08-29T10:59
student_013,ch4,0,1,2026-08-29T11:01
student_013,ch4,0,2,2026-08-29T11:04
student_013,ch4,0,3,2026-08-29T11:05
student_013,ch4,0,4,2026-08-29T11:06
student_013,ch4,0,5,2026-08-29T11:08
student_013,ch4,0,6,2026-08-29T11:09
student_013,ch4,0,7,2026-08-29T11:11
student_013,ch4,0,8,2026-08-29T11:13
student_013,ch6,0,1,2026-08-29T11:17
student_013,ch6,0,2,2026-08-29T11:19
student_013,ch6,0,3,2026-08-29T11:22
student_013,ch6,0,4,2026-08-29T11:23
student_013,ch6,0,5,2026-08-29T11:24
student_014,ch6,0,1,2026-08-29T09:04
student_014,ch6,0,2,2026-08-29T09:06
student_014,ch6,1,3,2026-08-29T09:09
student_014,ch6,0,4,2026-08-29T09:11
student_014,ch6,1,5,2026-08-29T09:15
student_014,ch1,1,1,2026-08-29T09:19
student_014,ch1,0,2,2026-08-29T09:21
student_014,ch1,0,3,2026-08-29T09:25
student_014,ch1,1,4,2026-08-29T09:27
student_014,ch1,1,5,2026-08-29T09:31
student_014,ch1,1,6,2026-08-29T09:34
student_014,ch1,0,7,2026-08-29T09:37
student_014,ch1,1,8,2026-08-29T09:38
student_014,ch1,1,9,2026-08-29T09:41
student_014,ch0,0,1,2026-08-29T09:45
student_014,ch0,0,2,2026-08-29T09:49
student_014,ch0,0,3,2026-08-29T09:52
student_014,ch0,0,4,2026-08-29T09:55
student_014,ch0,0,5,2026-08-29T09:57
student_014,ch7,0,1,2026-08-29T10:01
student_014,ch7,0,2,2026-08-29T10:04
student_014,ch7,0,3,2026-08-29T10:08
student_014,ch7,0,4,2026-08-29T10:10
student_014,ch7,0,5,2026-08-29T10:11
student_014,ch7,0,6,2026-08-29T10:14
student_014,ch4,1,1,2026-08-29T10:16
student_014,ch4,0,2,2026-08-29T10:18
student_014,ch4,1,3,2026-08-29T10:22
student_014,ch4,1,4,2026-08-29T10:24
student_014,ch4,0,5,2026-08-29T10:28
student_014,ch4,1,6,2026-08-29T10:32
student_014,ch4,0,7,2026-08-29T10:36
student_014,ch4,1,8,2026-08-29T10:40
student_014,ch4,1,9,2026-08-29T10:41
student_014,ch3,0,1,2026-08-29T10:42
student_014,ch3,1,2,2026-08-29T10:43
student_014,ch3,0,3,2026-08-29T10:44
student_014,ch3,1,4,2026-08-29T10:47
student_014,ch3,0,5,2026-08-29T10:48
student_014,ch3,0,6,2026-08-29T10:49
student_014,ch3,0,7,2026-08-29T10:53
student_014,ch3,1,8,2026-08-29T10:57
student_014,ch3,1,9,2026-08-29T10:59
student_014,ch3,0,10,2026-08-29T11:03
student_014,ch2,0,1,2026-08-29T11:07
student_014,ch2,1,2,2026-08-29T11:09
student_014,ch2,0,3,2026-08-29T11:12
student_014,ch2,1,4,2026-08-29T11:16
student_014,ch2,0,5,2026-08-29T11:18
student_014,ch2,0,6,2026-08-29T11:19
student_014,ch2,0,7,2026-08-29T11:23
student_014,ch2,0,8,2026-08-29T11:27
student_014,ch5,1,1,2026-08-29T11:30
student_014,ch5,1,2,2026-08-29T11:32
student_014,ch5,0,3,2026-08-29T11:33
student_014,ch5,1,4,2026-08-29T11:37
student_014,ch5,0,5,2026-08-29T11:38
student_014,ch5,1,6,2026-08-29T11:39
student_015,ch7,0,1,2026-08-29T09:01
student_015,ch7,1,2,2026-08-29T09:04
student_015,ch7,1,3,2026-08-29T09:07
student_015,ch7,0,4,2026-08-29T09:10
student_015,ch7,1,5,2026-08-29T09:12
student_015,ch7,0,6,2026-08-29T09:14
student_015,ch2,1,1,2026-08-29T09:16
student_015,ch2,0,2,2026-08-29T09:20
student_015,ch2,0,3,2026-08-29T09:21
student_015,ch2,0,4,2026-08-29T09:25
student_015,ch2,0,5,2026-08-29T09:28
student_015,ch2,0,6,2026-08-29T09:32
student_015,ch2,1,7,2026-08-29T09:36
student_015,ch6,0,1,2026-08-29T09:38
student_015,ch6,0,2,2026-08-29T09:40
student_015,ch6,0,3,2026-08-29T09:41
student_015,ch6,0,4,2026-08-29T09:45
student_015,ch6,0,5,2026-08-29T09:47
student_015,ch6,0,6,2026-08-29T09:50
student_015,ch6,0,7,2026-08-29T09:51
student_015,ch6,0,8,2026-08-29T09:54
student_015,ch6,0,9,2026-08-29T09:56
student_015,ch5,0,1,2026-08-29T09:57
student_015,ch5,0,2,2026-08-29T09:59
student_015,ch5,0,3,2026-08-29T10:01
student_015,ch5,0,4,2026-08-29T10:04
student_015,ch5,0,5,2026-08-29T10:05
student_015,ch5,0,6,2026-08-29T10:07
student_015,ch5,0,7,2026-08-29T10:08
student_015,ch5,0,8,2026-08-29T10:12
student_015,ch3,0,1,2026-08-29T10:14
student_015,ch3,0,2,2026-08-29T10:16
student_015,ch3,0,3,2026-08-29T10:19
student_015,ch3,0,4,2026-08-29T10:22
student_015,ch3,0,5,2026-08-29T10:25
student_015,ch3,0,6,2026-08-29T10:29
student_015,ch3,0,7,2026-08-29T10:33
student_015,ch3,0,8,2026-08-29T10:36
student_015,ch3,0,9,2026-08-29T10:39
student_015,ch3,0,10,2026-08-29T10:40
student_015,ch0,0,1,2026-08-29T10:41
student_015,ch0,1,2,2026-08-29T10:45
student_015,ch0,1,3,2026-08-29T10:47
student_015,ch0,1,4,2026-08-29T10:51
student_015,ch0,0,5,2026-08-29T10:53
student_015,ch0,1,6,2026-08-29T10:56
student_015,ch4,0,1,2026-08-29T11:00
student_015,ch4,0,2,2026-08-29T11:03
student_015,ch4,1,3,2026-08-29T11:07
student_015,ch4,1,4,2026-08-29T11:08
student_015,ch4,0,5,2026-08-29T11:09
student_015,ch4,0,6,2026-08-29T11:10
student_015,ch4,0,7,2026-08-29T11:14
student_015,ch4,1,8,2026-08-29T11:16
student_015,ch1,1,1,2026-08-29T11:20
student_015,ch1,0,2,2026-08-29T11:24
student_015,ch1,0,3,2026-08-29T11:25
student_015,ch1,1,4,2026-08-29T11:29
student_015,ch1,1,5,2026-08-29T11:32
student_015,ch1,0,6,2026-08-29T11:35
student_016,ch6,1,1,2026-08-29T09:03
student_016,ch6,0,2,2026-08-29T09:06
student_016,ch6,0,3,2026-08-29T09:07
student_016,ch6,0,4,2026-08-29T09:11
student_016,ch6,0,5,2026-08-29T09:13
student_016,ch6,0,6,2026-08-29T09:15
student_016,ch2,0,1,2026-08-29T09:16
student_016,ch2,1,2,2026-08-29T09:20
student_016,ch2,0,3,2026-08-29T09:24
student_016,ch2,1,4,2026-08-29T09:25
student_016,ch2,0,5,2026-08-29T09:26
student_016,ch7,0,1,2026-08-29T09:29
student_016,ch7,0,2,2026-08-29T09:30
student_016,ch7,0,3,2026-08-29T09:31
student_016,ch7,0,4,2026-08-29T09:35
student_016,ch7,0,5,2026-08-29T09:36
student_016,ch7,0,6,2026-08-29T09:39
student_016,ch7,0,7,2026-08-29T09:40
student_016,ch7,0,8,2026-08-29T09:43
student_016,ch1,0,1,2026-08-29T09:47
student_016,ch1,0,2,2026-08-29T09:50
student_016,ch1,0,3,2026-08-29T09:52
student_016,ch1,0,4,2026-08-29T09:56
student_016,ch1,0,5,2026-08-29T09:59
student_016,ch1,0,6,2026-08-29T10:01
student_016,ch3,0,1,2026-08-29T10:04
student_016,ch3,1,2,2026-08-29T10:08
student_016,ch3,1,3,2026-08-29T10:09
student_016,ch3,1,4,2026-08-29T10:13
student_016,ch3,0,5,2026-08-29T10:16
student_016,ch3,1,6,2026-08-29T10:19
student_016,ch3,0,7,2026-08-29T10:23
student_016,ch3,1,8,2026-08-29T10:26
student_016,ch3,1,9,2026-08-29T10:30
student_016,ch3,1,10,2026-08-29T10:34
student_016,ch5,0,1,2026-08-29T10:36
student_016,ch5,0,2,2026-08-29T10:37
student_016,ch5,0,3,2026-08-29T10:41
student_016,ch5,0,4,2026-08-29T10:43
student_016,ch5,0,5,2026-08-29T10:46
student_016,ch5,0,6,2026-08-29T10:47
student_016,ch5,1,7,2026-08-29T10:50
student_016,ch5,0,8,2026-08-29T10:53
student_016,ch5,0,9,2026-08-29T10:54
student_016,ch4,0,1,2026-08-29T10:58
student_016,ch4,1,2,2026-08-29T10:59
student_016,ch4,0,3,2026-08-29T11:00
student_016,ch4,0,4,2026-08-29T11:03
student_016,ch4,0,5,2026-08-29T11:04
student_016,ch4,0,6,2026-08-29T11:08
student_016,ch4,0,7,2026-08-29T11:10
student_016,ch4,0,8,2026-08-29T11:12
student_016,ch0,1,1,2026-08-29T11:15
student_016,ch0,1,2,2026-08-29T11:17
student_016,ch0,1,3,2026-08-29T11:21
student_016,ch0,1,4,2026-08-29T11:24
student_016,ch0,1,5,2026-08-29T11:25
student_016,ch0,1,6,2026-08-29T11:27
student_017,ch5,0,1,2026-08-29T09:04
student_017,ch5,0,2,2026-08-29T09:07
student_017,ch5,0,3,2026-08-29T09:11
student_017,ch5,0,4,2026-08-29T09:13
student_017,ch5,0,5,2026-08-29T09:15
student_017,ch5,0,6,2026-08-29T09:17
student_017,ch5,0,7,2026-08-29T09:20
student_017,ch5,0,8,2026-08-29T09:24
student_017,ch2,1,1,2026-08-29T09:27
student_017,ch2,0,2,2026-08-29T09:31
student_017,ch2,1,3,2026-08-29T09:33
student_017,ch2,0,4,2026-08-29T09:35
student_017,ch2,0,5,2026-08-29T09:36
student_017,ch2,0,6,2026-08-29T09:40
student_017,ch0,0,1,2026-08-29T09:43
student_017,ch0,0,2,2026-08-29T09:44
student_017,ch0,0,3,2026-08-29T09:48
student_017,ch0,0,4,2026-08-29T09:50
student_017,ch0,0,5,2026-08-29T09:52
student_017,ch0,0,6,2026-08-29T09:54
student_017,ch3,1,1,2026-08-29T09:58
student_017,ch3,0,2,2026-08-29T10:02
student_017,ch3,0,3,2026-08-29T10:05
student_017,ch3,0,4,2026-08-29T10:06
student_017,ch3,1,5,2026-08-29T10:08
student_017,ch3,0,6,2026-08-29T10:11
student_017,ch3,1,7,2026-08-29T10:12
student_017,ch3,0,8,2026-08-29T10:16
student_017,ch1,0,1,2026-08-29T10:20
student_017,ch1,1,2,2026-08-29T10:21
student_017,ch1,1,3,2026-08-29T10:23
student_017,ch1,1,4,2026-08-29T10:27
student_017,ch1,1,5,2026-08-29T10:29
student_017,ch1,1,6,2026-08-29T10:30
student_017,ch1,1,7,2026-08-29T10:33
student_017,ch6,1,1,2026-08-29T10:35
student_017,ch6,1,2,2026-08-29T10:38
student_017,ch6,1,3,2026-08-29T10:40
student_017,ch6,1,4,2026-08-29T10:43
student_017,ch6,1,5,2026-08-29T10:47
student_017,ch4,1,1,2026-08-29T10:50
student_017,ch4,1,2,2026-08-29T10:51
student_017,ch4,1,3,2026-08-29T10:54
student_017,ch4,0,4,2026-08-29T10:56
student_017,ch4,0,5,2026-08-29T10:58
student_017,ch4,1,6,2026-08-29T11:00
student_017,ch4,1,7,2026-08-29T11:04
student_017,ch4,0,8,2026-08-29T11:06
student_017,ch7,1,1,2026-08-29T11:10
student_017,ch7,1,2,2026-08-29T11:12
student_017,ch7,1,3,2026-08-29T11:16
student_017,ch7,1,4,2026-08-29T11:18
student_017,ch7,1,5,2026-08-29T11:19
student_017,ch7,1,6,2026-08-29T11:21
student_017,ch7,1,7,2026-08-29T11:23
student_017,ch7,1,8,2026-08-29T11:26
student_017,ch7,1,9,2026-08-29T11:30
student_017,ch7,1,10,2026-08-29T11:33
student_018,ch5,1,1,2026-08-29T09:03
student_018,ch5,0,2,2026-08-29T09:04
student_018,ch5,0,3,2026-08-29T09:07
student_018,ch5,1,4,2026-08-29T09:10
student_018,ch5,1,5,2026-08-29T09:13
student_018,ch5,0,6,2026-08-29T09:17
student_018,ch5,1,7,2026-08-29T09:19
student_018,ch5,1,8,2026-08-29T09:23
student_018,ch5,1,9,2026-08-29T09:25
student_018,ch2,1,1,2026-08-29T09:27
student_018,ch2,1,2,2026-08-29T09:31
student_018,ch2,0,3,2026-08-29T09:34
student_018,ch2,0,4,2026-08-29T09:38
student_018,ch2,1,5,2026-08-29T09:42
student_018,ch2,0,6,2026-08-29T09:46
student_018,ch2,1,7,2026-08-29T09:50
student_018,ch2,1,8,2026-08-29T09:54
student_018,ch1,0,1,2026-08-29T09:56
student_018,ch1,0,2,2026-08-29T09:59
student_018,ch1,0,3,2026-08-29T10:02
student_018,ch1,1,4,2026-08-29T10:06
student_018,ch1,0,5,2026-08-29T10:10
student_018,ch0,0,1,2026-08-29T10:13
student_018,ch0,0,2,2026-08-29T10:16
student_018,ch0,0,3,2026-08-29T10:17
student_018,ch0,0,4,2026-08-29T10:21
student_018,ch0,0,5,2026-08-29T10:25
student_018,ch7,0,1,2026-08-29T10:28
student_018,ch7,0,2,2026-08-29T10:29
student_018,ch7,0,3,2026-08-29T10:32
student_018,ch7,0,4,2026-08-29T10:33
student_018,ch7,0,5,2026-08-29T10:34
student_018,ch7,0,6,2026-08-29T10:36
student_018,ch7,0,7,2026-08-29T10:39
student_018,ch7,0,8,2026-08-29T10:43
student_018,ch7,0,9,2026-08-29T10:45
student_018,ch7,0,10,2026-08-29T10:47
student_018,ch3,1,1,2026-08-29T10:50
student_018,ch3,0,2,2026-08-29T10:52
student_018,ch3,1,3,2026-08-29T10:55
student_018,ch3,1,4,2026-08-29T10:58
student_018,ch3,0,5,2026-08-29T10:59
student_018,ch3,1,6,2026-08-29T11:03
student_018,ch3,0,7,2026-08-29T11:06
student_018,ch3,0,8,2026-08-29T11:08
student_018,ch3,0,9,2026-08-29T11:10
student_018,ch4,0,1,2026-08-29T11:12
student_018,ch4,0,2,2026-08-29T11:16
student_018,ch4,0,3,2026-08-29T11:19
student_018,ch4,0,4,2026-08-29T11:23
student_018,ch4,0,5,2026-08-29T11:24
student_018,ch4,0,6,2026-08-29T11:27
student_018,ch4,0,7,2026-08-29T11:30
student_018,ch4,0,8,2026-08-29T11:34
student_018,ch4,0,9,2026-08-29T11:35
student_018,ch4,0,10,2026-08-29T11:36
student_018,ch6,0,1,2026-08-29T11:39
student_018,ch6,0,2,2026-08-29T11:43
student_018,ch6,1,3,2026-08-29T11:47
student_018,ch6,0,4,2026-08-29T11:51
student_018,ch6,1,5,2026-08-29T11:54
student_018,ch6,1,6,2026-08-29T11:56
student_018,ch6,1,7,2026-08-29T12:00
student_018,ch6,0,8,2026-08-29T12:01
student_019,ch1,0,1,2026-08-29T09:04
student_019,ch1,1,2,2026-08-29T09:06
student_019,ch1,0,3,2026-08-29T09:09
student_019,ch1,1,4,2026-08-29T09:12
student_019,ch1,1,5,2026-08-29T09:15
student_019,ch2,0,1,2026-08-29T09:17
student_019,ch2,1,2,2026-08-29T09:20
student_019,ch2,0,3,2026-08-29T09:22
student_019,ch2,0,4,2026-08-29T09:23
student_019,ch2,0,5,2026-08-29T09:24
student_019,ch2,0,6,2026-08-29T09:25
student_019,ch2,1,7,2026-08-29T09:27
student_019,ch4,1,1,2026-08-29T09:30
student_019,ch4,0,2,2026-08-29T09:34
student_019,ch4,0,3,2026-08-29T09:38
student_019,ch4,1,4,2026-08-29T09:42
student_019,ch4,1,5,2026-08-29T09:43
student_019,ch4,1,6,2026-08-29T09:46
student_019,ch4,0,7,2026-08-29T09:48
student_019,ch4,1,8,2026-08-29T09:50
student_019,ch6,1,1,2026-08-29T09:51
student_019,ch6,0,2,2026-08-29T09:53
student_019,ch6,0,3,2026-08-29T09:55
student_019,ch6,0,4,2026-08-29T09:57
student_019,ch6,0,5,2026-08-29T10:01
student_019,ch6,0,6,2026-08-29T10:02
student_019,ch6,0,7,2026-08-29T10:04
student_019,ch6,0,8,2026-08-29T10:08
student_019,ch6,0,9,2026-08-29T10:12
student_019,ch6,0,10,2026-08-29T10:14
student_019,ch3,1,1,2026-08-29T10:17
student_019,ch3,0,2,2026-08-29T10:18
student_019,ch3,0,3,2026-08-29T10:21
student_019,ch3,1,4,2026-08-29T10:23
student_019,ch3,0,5,2026-08-29T10:26
student_019,ch3,0,6,2026-08-29T10:28
student_019,ch3,0,7,2026-08-29T10:29
student_019,ch3,0,8,2026-08-29T10:30
student_019,ch3,0,9,2026-08-29T10:31
student_019,ch3,0,10,2026-08-29T10:34
student_019,ch5,0,1,2026-08-29T10:36
student_019,ch5,0,2,2026-08-29T10:37
student_019,ch5,1,3,2026-08-29T10:38
student_019,ch5,1,4,2026-08-29T10:40
student_019,ch5,1,5,2026-08-29T10:41
student_019,ch5,0,6,2026-08-29T10:45
student_019,ch5,0,7,2026-08-29T10:49
student_019,ch5,0,8,2026-08-29T10:53
student_019,ch5,1,9,2026-08-29T10:55
student_019,ch7,1,1,2026-08-29T10:57
student_019,ch7,0,2,2026-08-29T10:59
student_019,ch7,0,3,2026-08-29T11:03
student_019,ch7,0,4,2026-08-29T11:04
student_019,ch7,1,5,2026-08-29T11:08
student_019,ch7,0,6,2026-08-29T11:10
student_019,ch7,1,7,2026-08-29T11:11
student_019,ch0,0,1,2026-08-29T11:12
student_019,ch0,1,2,2026-08-29T11:14
student_019,ch0,1,3,2026-08-29T11:16
student_019,ch0,0,4,2026-08-29T11:18
student_019,ch0,0,5,2026-08-29T11:21
student_020,ch7,1,1,2026-08-29T09:04
student_020,ch7,1,2,2026-08-29T09:05
student_020,ch7,1,3,2026-08-29T09:06
student_020,ch7,1,4,2026-08-29T09:09
student_020,ch7,1,5,2026-08-29T09:11
student_020,ch0,0,1,2026-08-29T09:12
student_020,ch0,1,2,2026-08-29T09:13
student_020,ch0,1,3,2026-08-29T09:14
student_020,ch0,1,4,2026-08-29T09:18
student_020,ch0,1,5,2026-08-29T09:20
student_020,ch0,1,6,2026-08-29T09:21
student_020,ch0,1,7,2026-08-29T09:25
student_020,ch3,0,1,2026-08-29T09:28
student_020,ch3,0,2,2026-08-29T09:29
student_020,ch3,0,3,2026-08-29T09:30
student_020,ch3,0,4,2026-08-29T09:31
student_020,ch3,0,5,2026-08-29T09:32
student_020,ch3,0,6,2026-08-29T09:33
student_020,ch5,0,1,2026-08-29T09:36
student_020,ch5,1,2,2026-08-29T09:40
student_020,ch5,1,3,2026-08-29T09:42
student_020,ch5,1,4,2026-08-29T09:45
student_020,ch5,1,5,2026-08-29T09:47
student_020,ch5,1,6,2026-08-29T09:51
student_020,ch5,0,7,2026-08-29T09:53
student_020,ch6,0,1,2026-08-29T09:55
student_020,ch6,1,2,2026-08-29T09:59
student_020,ch6,1,3,2026-08-29T10:02
student_020,ch6,1,4,2026-08-29T10:03
student_020,ch6,0,5,2026-08-29T10:04
student_020,ch6,0,6,2026-08-29T10:08
student_020,ch6,0,7,2026-08-29T10:11
student_020,ch6,1,8,2026-08-29T10:13
student_020,ch6,1,9,2026-08-29T10:14
student_020,ch2,0,1,2026-08-29T10:15
student_020,ch2,1,2,2026-08-29T10:17
student_020,ch2,0,3,2026-08-29T10:21
student_020,ch2,0,4,2026-08-29T10:24
student_020,ch2,0,5,2026-08-29T10:25
student_020,ch2,0,6,2026-08-29T10:27
student_020,ch1,1,1,2026-08-29T10:28
student_020,ch1,0,2,2026-08-29T10:30
student_020,ch1,1,3,2026-08-29T10:33
student_020,ch1,0,4,2026-08-29T10:37
student_020,ch1,0,5,2026-08-29T10:40
student_020,ch1,1,6,2026-08-29T10:43
student_020,ch1,1,7,2026-08-29T10:45
student_020,ch1,1,8,2026-08-29T10:46
student_020,ch4,0,1,2026-08-29T10:49
student_020,ch4,0,2,2026-08-29T10:52
student_020,ch4,0,3,2026-08-29T10:54
student_020,ch4,0,4,2026-08-29T10:58
student_020,ch4,0,5,2026-08-29T10:59
student_020,ch4,0,6,2026-08-29T11:02
student_021,ch4,0,1,2026-08-29T09:03
student_021,ch4,1,2,2026-08-29T09:05
student_021,ch4,1,3,2026-08-29T09:09
student_021,ch4,0,4,2026-08-29T09:11
student_021,ch4,1,5,2026-08-29T09:12
student_021,ch4,0,6,2026-08-29T09:14
student_021,ch4,1,7,2026-08-29T09:15
student_021,ch4,0,8,2026-08-29T09:17
student_021,ch3,0,1,2026-08-29T09:18
student_021,ch3,0,2,2026-08-29T09:21
student_021,ch3,0,3,2026-08-29T09:22
student_021,ch3,1,4,2026-08-29T09:23
student_021,ch3,0,5,2026-08-29T09:27
student_021,ch3,0,6,2026-08-29T09:28
student_021,ch3,0,7,2026-08-29T09:31
student_021,ch3,0,8,2026-08-29T09:35
student_021,ch5,0,1,2026-08-29T09:39
student_021,ch5,0,2,2026-08-29T09:43
student_021,ch5,0,3,2026-08-29T09:45
student_021,ch5,0,4,2026-08-29T09:47
student_021,ch5,0,5,2026-08-29T09:51
student_021,ch5,0,6,2026-08-29T09:52
student_021,ch5,0,7,2026-08-29T09:54
student_021,ch5,0,8,2026-08-29T09:58
student_021,ch5,0,9,2026-08-29T10:02
student_021,ch7,0,1,2026-08-29T10:06
student_021,ch7,0,2,2026-08-29T10:08
student_021,ch7,0,3,2026-08-29T10:09
student_021,ch7,0,4,2026-08-29T10:12
student_021,ch7,0,5,2026-08-29T10:16
student_021,ch7,0,6,2026-08-29T10:19
student_021,ch7,0,7,2026-08-29T10:21
student_021,ch6,0,1,2026-08-29T10:24
student_021,ch6,1,2,2026-08-29T10:28
student_021,ch6,0,3,2026-08-29T10:30
student_021,ch6,0,4,2026-08-29T10:31
student_021,ch6,0,5,2026-08-29T10:33
student_021,ch6,0,6,2026-08-29T10:34
student_021,ch6,0,7,2026-08-29T10:36
student_021,ch6,0,8,2026-08-29T10:40
student_021,ch6,0,9,2026-08-29T10:42
student_021,ch2,0,1,2026-08-29T10:45
student_021,ch2,0,2,2026-08-29T10:46
student_021,ch2,0,3,2026-08-29T10:49
student_021,ch2,0,4,2026-08-29T10:51
student_021,ch2,0,5,2026-08-29T10:53
student_021,ch2,0,6,2026-08-29T10:57
student_021,ch2,0,7,2026-08-29T10:59
student_021,ch2,0,8,2026-08-29T11:00
student_021,ch2,0,9,2026-08-29T11:02
student_021,ch1,1,1,2026-08-29T11:04
student_021,ch1,0,2,2026-08-29T11:07
student_021,ch1,0,3,2026-08-29T11:10
student_021,ch1,1,4,2026-08-29T11:12
student_021,ch1,0,5,2026-08-29T11:14
student_021,ch1,0,6,2026-08-29T11:17
student_021,ch1,0,7,2026-08-29T11:20
student_021,ch1,0,8,2026-08-29T11:24
student_021,ch0,1,1,2026-08-29T11:26
student_021,ch0,0,2,2026-08-29T11:30
student_021,ch0,0,3,2026-08-29T11:34
student_021,ch0,0,4,2026-08-29T11:36
student_021,ch0,0,5,2026-08-29T11:39
student_021,ch0,1,6,2026-08-29T11:41
student_021,ch0,0,7,2026-08-29T11:44
student_022,ch6,0,1,2026-08-29T09:02
student_022,ch6,0,2,2026-08-29T09:03
student_022,ch6,0,3,2026-08-29T09:05
student_022,ch6,0,4,2026-08-29T09:06
student_022,ch6,0,5,2026-08-29T09:09
student_022,ch6,0,6,2026-08-29T09:10
student_022,ch6,0,7,2026-08-29T09:13
student_022,ch4,1,1,2026-08-29T09:14
student_022,ch4,1,2,2026-08-29T09:15
student_022,ch4,0,3,2026-08-29T09:16
student_022,ch4,1,4,2026-08-29T09:20
student_022,ch4,0,5,2026-08-29T09:24
student_022,ch4,0,6,2026-08-29T09:28
student_022,ch4,1,7,2026-08-29T09:32
student_022,ch7,0,1,2026-08-29T09:34
student_022,ch7,1,2,2026-08-29T09:35
student_022,ch7,0,3,2026-08-29T09:36
student_022,ch7,0,4,2026-08-29T09:39
student_022,ch7,0,5,2026-08-29T09:40
student_022,ch7,1,6,2026-08-29T09:42
student_022,ch7,0,7,2026-08-29T09:44
student_022,ch7,0,8,2026-08-29T09:45
student_022,ch3,0,1,2026-08-29T09:46
student_022,ch3,0,2,2026-08-29T09:48
student_022,ch3,0,3,2026-08-29T09:52
student_022,ch3,0,4,2026-08-29T09:53
student_022,ch3,0,5,2026-08-29T09:55
student_022,ch3,0,6,2026-08-29T09:58
student_022,ch3,0,7,2026-08-29T10:01
student_022,ch3,0,8,2026-08-29T10:02
student_022,ch3,0,9,2026-08-29T10:06
student_022,ch0,1,1,2026-08-29T10:07
student_022,ch0,1,2,2026-08-29T10:11
student_022,ch0,1,3,2026-08-29T10:12
student_022,ch0,1,4,2026-08-29T10:15
student_022,ch0,0,5,2026-08-29T10:19
student_022,ch0,0,6,2026-08-29T10:22
student_022,ch0,0,7,2026-08-29T10:26
student_022,ch5,1,1,2026-08-29T10:30
student_022,ch5,1,2,2026-08-29T10:34
student_022,ch5,1,3,2026-08-29T10:38
student_022,ch5,1,4,2026-08-29T10:42
student_022,ch5,1,5,2026-08-29T10:44
student_022,ch5,1,6,2026-08-29T10:45
student_022,ch5,1,7,2026-08-29T10:46
student_022,ch5,1,8,2026-08-29T10:49
student_022,ch5,1,9,2026-08-29T10:53
student_022,ch5,0,10,2026-08-29T10:55
student_022,ch1,0,1,2026-08-29T10:59
student_022,ch1,0,2,2026-08-29T11:03
student_022,ch1,0,3,2026-08-29T11:05
student_022,ch1,0,4,2026-08-29T11:06
student_022,ch1,0,5,2026-08-29T11:07
student_022,ch1,0,6,2026-08-29T11:09
student_022,ch1,0,7,2026-08-29T11:13
student_022,ch1,0,8,2026-08-29T11:15
student_022,ch2,1,1,2026-08-29T11:19
student_022,ch2,1,2,2026-08-29T11:23
student_022,ch2,1,3,2026-08-29T11:25
student_022,ch2,0,4,2026-08-29T11:28
student_022,ch2,1,5,2026-08-29T11:29
student_022,ch2,1,6,2026-08-29T11:33
student_023,ch7,1,1,2026-08-29T09:01
student_023,ch7,0,2,2026-08-29T09:02
student_023,ch7,0,3,2026-08-29T09:05
student_023,ch7,0,4,2026-08-29T09:08
student_023,ch7,0,5,2026-08-29T09:12
student_023,ch7,0,6,2026-08-29T09:16
student_023,ch1,0,1,2026-08-29T09:20
student_023,ch1,1,2,2026-08-29T09:23
student_023,ch1,0,3,2026-08-29T09:24
student_023,ch1,0,4,2026-08-29T09:27
student_023,ch1,0,5,2026-08-29T09:28
student_023,ch1,0,6,2026-08-29T09:31
student_023,ch1,0,7,2026-08-29T09:35
student_023,ch0,1,1,2026-08-29T09:37
student_023,ch0,1,2,2026-08-29T09:41
student_023,ch0,0,3,2026-08-29T09:44
student_023,ch0,1,4,2026-08-29T09:48
student_023,ch0,0,5,2026-08-29T09:49
student_023,ch0,1,6,2026-08-29T09:51
student_023,ch0,0,7,2026-08-29T09:55
student_023,ch0,0,8,2026-08-29T09:58
student_023,ch0,0,9,2026-08-29T10:00
student_023,ch0,1,10,2026-08-29T10:04
student_023,ch3,0,1,2026-08-29T10:05
student_023,ch3,1,2,2026-08-29T10:07
student_023,ch3,0,3,2026-08-29T10:09
student_023,ch3,1,4,2026-08-29T10:10
student_023,ch3,0,5,2026-08-29T10:12
student_023,ch3,1,6,2026-08-29T10:16
student_023,ch3,0,7,2026-08-29T10:17
student_023,ch3,0,8,2026-08-29T10:19
student_023,ch3,0,9,2026-08-29T10:23
student_023,ch4,0,1,2026-08-29T10:26
student_023,ch4,0,2,2026-08-29T10:29
student_023,ch4,0,3,2026-08-29T10:30
student_023,ch4,0,4,2026-08-29T10:34
student_023,ch4,1,5,2026-08-29T10:36
student_023,ch4,0,6,2026-08-29T10:38
student_023,ch4,0,7,2026-08-29T10:41
student_023,ch4,0,8,2026-08-29T10:42
student_023,ch2,1,1,2026-08-29T10:44
student_023,ch2,0,2,2026-08-29T10:45
student_023,ch2,1,3,2026-08-29T10:48
student_023,ch2,0,4,2026-08-29T10:51
student_023,ch2,1,5,2026-08-29T10:55
student_023,ch2,0,6,2026-08-29T10:59
student_023,ch2,1,7,2026-08-29T11:03
student_023,ch2,1,8,2026-08-29T11:07
student_023,ch2,1,9,2026-08-29T11:08
student_023,ch2,1,10,2026-08-29T11:11
student_023,ch6,0,1,2026-08-29T11:14
student_023,ch6,0,2,2026-08-29T11:18
student_023,ch6,1,3,2026-08-29T11:21
student_023,ch6,0,4,2026-08-29T11:24
student_023,ch6,1,5,2026-08-29T11:27
student_023,ch6,1,6,2026-08-29T11:29
student_023,ch6,0,7,2026-08-29T11:33
student_023,ch6,0,8,2026-08-29T11:35
student_023,ch6,0,9,2026-08-29T11:39
student_023,ch5,0,1,2026-08-29T11:43
student_023,ch5,0,2,2026-08-29T11:44
student_023,ch5,0,3,2026-08-29T11:46
student_023,ch5,0,4,2026-08-29T11:48
student_023,ch5,0,5,2026-08-29T11:52
student_023,ch5,0,6,2026-08-29T11:55
student_023,ch5,0,7,2026-08-29T11:57
student_024,ch5,0,1,2026-08-29T09:02
student_024,ch5,0,2,2026-08-29T09:05
student_024,ch5,0,3,2026-08-29T09:07
student_024,ch5,0,4,2026-08-29T09:10
student_024,ch5,0,5,2026-08-29T09:13
student_024,ch5,0,6,2026-08-29T09:16
student_024,ch5,0,7,2026-08-29T09:17
student_024,ch5,0,8,2026-08-29T09:18
student_024,ch5,0,9,2026-08-29T09:20
student_024,ch4,0,1,2026-08-29T09:23
student_024,ch4,0,2,2026-08-29T09:25
student_024,ch4,1,3,2026-08-29T09:27
student_024,ch4,0,4,2026-08-29T09:31
student_024,ch4,1,5,2026-08-29T09:33
student_024,ch4,0,6,2026-08-29T09:37
student_024,ch4,0,7,2026-08-29T09:39
student_024,ch4,0,8,2026-08-29T09:40
student_024,ch4,1,9,2026-08-29T09:43
student_024,ch4,1,10,2026-08-29T09:45
student_024,ch6,0,1,2026-08-29T09:46
student_024,ch6,1,2,2026-08-29T09:50
student_024,ch6,0,3,2026-08-29T09:54
student_024,ch6,0,4,2026-08-29T09:58
student_024,ch6,0,5,2026-08-29T09:59
student_024,ch6,0,6,2026-08-29T10:02
student_024,ch1,0,1,2026-08-29T10:04
student_024,ch1,1,2,2026-08-29T10:05
student_024,ch1,0,3,2026-08-29T10:07
student_024,ch1,1,4,2026-08-29T10:10
student_024,ch1,1,5,2026-08-29T10:11
student_024,ch1,1,6,2026-08-29T10:14
student_024,ch1,1,7,2026-08-29T10:15
student_024,ch3,0,1,2026-08-29T10:18
student_024,ch3,0,2,2026-08-29T10:20
student_024,ch3,0,3,2026-08-29T10:24
student_024,ch3,0,4,2026-08-29T10:26
student_024,ch3,1,5,2026-08-29T10:30
student_024,ch3,1,6,2026-08-29T10:32
student_024,ch3,0,7,2026-08-29T10:34
student_024,ch0,0,1,2026-08-29T10:36
student_024,ch0,1,2,2026-08-29T10:37
student_024,ch0,0,3,2026-08-29T10:40
student_024,ch0,0,4,2026-08-29T10:41
student_024,ch0,0,5,2026-08-29T10:42
student_024,ch7,0,1,2026-08-29T10:43
student_024,ch7,0,2,2026-08-29T10:47
student_024,ch7,0,3,2026-08-29T10:48
student_024,ch7,0,4,2026-08-29T10:52
student_024,ch7,0,5,2026-08-29T10:54
student_024,ch7,0,6,2026-08-29T10:55
student_024,ch7,0,7,2026-08-29T10:56
student_024,ch7,0,8,2026-08-29T10:59
student_024,ch7,0,9,2026-08-29T11:01
student_024,ch7,0,10,2026-08-29T11:02
student_024,ch2,1,1,2026-08-29T11:03
student_024,ch2,0,2,2026-08-29T11:07
student_024,ch2,1,3,2026-08-29T11:09
student_024,ch2,0,4,2026-08-29T11:11
student_024,ch2,1,5,2026-08-29T11:15
student_024,ch2,1,6,2026-08-29T11:16
student_024,ch2,1,7,2026-08-29T11:18
student_024,ch2,1,8,2026-08-29T11:22
student_024,ch2,1,9,2026-08-29T11:23
student_025,ch1,0,1,2026-08-29T09:01
student_025,ch1,0,2,2026-08-29T09:03
student_025,ch1,0,3,2026-08-29T09:06
student_025,ch1,0,4,2026-08-29T09:07
student_025,ch1,1,5,2026-08-29T09:09
student_025,ch2,1,1,2026-08-29T09:12
student_025,ch2,1,2,2026-08-29T09:13
student_025,ch2,1,3,2026-08-29T09:14
student_025,ch2,1,4,2026-08-29T09:16
student_025,ch2,1,5,2026-08-29T09:18
student_025,ch2,1,6,2026-08-29T09:22
student_025,ch2,0,7,2026-08-29T09:25
student_025,ch4,1,1,2026-08-29T09:28
student_025,ch4,1,2,2026-08-29T09:32
student_025,ch4,1,3,2026-08-29T09:36
student_025,ch4,1,4,2026-08-29T09:40
student_025,ch4,1,5,2026-08-29T09:44
student_025,ch3,0,1,2026-08-29T09:46
student_025,ch3,1,2,2026-08-29T09:47
student_025,ch3,0,3,2026-08-29T09:49
student_025,ch3,1,4,2026-08-29T09:53
student_025,ch3,0,5,2026-08-29T09:57
student_025,ch3,1,6,2026-08-29T10:01
student_025,ch3,0,7,2026-08-29T10:02
student_025,ch3,0,8,2026-08-29T10:04
student_025,ch3,0,9,2026-08-29T10:08
student_025,ch3,1,10,2026-08-29T10:12
student_025,ch6,1,1,2026-08-29T10:15
student_025,ch6,1,2,2026-08-29T10:17
student_025,ch6,0,3,2026-08-29T10:20
student_025,ch6,0,4,2026-08-29T10:21
student_025,ch6,0,5,2026-08-29T10:23
student_025,ch7,0,1,2026-08-29T10:27
student_025,ch7,1,2,2026-08-29T10:28
student_025,ch7,1,3,2026-08-29T10:30
student_025,ch7,0,4,2026-08-29T10:34
student_025,ch7,0,5,2026-08-29T10:36
student_025,ch7,1,6,2026-08-29T10:40
student_025,ch7,1,7,2026-08-29T10:43
student_025,ch7,0,8,2026-08-29T10:44
student_025,ch7,0,9,2026-08-29T10:48
student_025,ch7,1,10,2026-08-29T10:50
student_025,ch5,0,1,2026-08-29T10:54
student_025,ch5,1,2,2026-08-29T10:58
student_025,ch5,0,3,2026-08-29T10:59
student_025,ch5,0,4,2026-08-29T11:00
student_025,ch5,1,5,2026-08-29T11:04
student_025,ch5,1,6,2026-08-29T11:05
student_025,ch5,0,7,2026-08-29T11:08
student_025,ch5,0,8,2026-08-29T11:10
student_025,ch0,0,1,2026-08-29T11:13
student_025,ch0,0,2,2026-08-29T11:15
student_025,ch0,0,3,2026-08-29T11:18
student_025,ch0,0,4,2026-08-29T11:22
student_025,ch0,0,5,2026-08-29T11:25
student_025,ch0,0,6,2026-08-29T11:26
student_025,ch0,0,7,2026-08-29T11:28
student_025,ch0,1,8,2026-08-29T11:31
student_026,ch1,0,1,2026-08-29T09:04
student_026,ch1,1,2,2026-08-29T09:06
student_026,ch1,1,3,2026-08-29T09:10
student_026,ch1,1,4,2026-08-29T09:12
student_026,ch1,0,5,2026-08-29T09:13
student_026,ch1,0,6,2026-08-29T09:14
student_026,ch1,0,7,2026-08-29T09:15
student_026,ch1,0,8,2026-08-29T09:19
student_026,ch1,0,9,2026-08-29T09:21
student_026,ch1,0,10,2026-08-29T09:22
student_026,ch5,0,1,2026-08-29T09:26
student_026,ch5,0,2,2026-08-29T09:30
student_026,ch5,0,3,2026-08-29T09:32
student_026,ch5,0,4,2026-08-29T09:34
student_026,ch5,0,5,2026-08-29T09:36
student_026,ch3,0,1,2026-08-29T09:39
student_026,ch3,0,2,2026-08-29T09:43
student_026,ch3,0,3,2026-08-29T09:45
student_026,ch3,0,4,2026-08-29T09:48
student_026,ch3,0,5,2026-08-29T09:52
student_026,ch3,0,6,2026-08-29T09:54
student_026,ch3,0,7,2026-08-29T09:57
student_026,ch3,0,8,2026-08-29T10:00
student_026,ch3,0,9,2026-08-29T10:02
student_026,ch3,0,10,2026-08-29T10:05
student_026,ch0,1,1,2026-08-29T10:07
student_026,ch0,0,2,2026-08-29T10:10
student_026,ch0,0,3,2026-08-29T10:13
student_026,ch0,0,4,2026-08-29T10:17
student_026,ch0,0,5,2026-08-29T10:20
student_026,ch0,0,6,2026-08-29T10:24
student_026,ch0,0,7,2026-08-29T10:25
student_026,ch0,1,8,2026-08-29T10:27
student_026,ch0,1,9,2026-08-29T10:28
student_026,ch0,1,10,2026-08-29T10:30
student_026,ch2,1,1,2026-08-29T10:31
student_026,ch2,0,2,2026-08-29T10:34
student_026,ch2,1,3,2026-08-29T10:35
student_026,ch2,1,4,2026-08-29T10:39
student_026,ch2,1,5,2026-08-29T10:41
student_026,ch2,1,6,2026-08-29T10:45
student_026,ch2,1,7,2026-08-29T10:48
student_026,ch2,1,8,2026-08-29T10:49
student_026,ch2,1,9,2026-08-29T10:53
student_026,ch2,1,10,2026-08-29T10:56
student_026,ch6,1,1,2026-08-29T10:59
student_026,ch6,1,2,2026-08-29T11:03
student_026,ch6,0,3,2026-08-29T11:06
student_026,ch6,0,4,2026-08-29T11:08
student_026,ch6,0,5,2026-08-29T11:10
student_026,ch7,0,1,2026-08-29T11:11
student_026,ch7,1,2,2026-08-29T11:13
student_026,ch7,0,3,2026-08-29T11:14
student_026,ch7,0,4,2026-08-29T11:18
student_026,ch7,0,5,2026-08-29T11:21
student_026,ch7,1,6,2026-08-29T11:24
student_026,ch4,0,1,2026-08-29T11:26
student_026,ch4,1,2,2026-08-29T11:29
student_026,ch4,0,3,2026-08-29T11:32
student_026,ch4,0,4,2026-08-29T11:35
student_026,ch4,1,5,2026-08-29T11:38
student_026,ch4,0,6,2026-08-29T11:40
student_026,ch4,0,7,2026-08-29T11:42
student_026,ch4,0,8,2026-08-29T11:46
student_027,ch0,0,1,2026-08-29T09:01
student_027,ch0,1,2,2026-08-29T09:04
student_027,ch0,0,3,2026-08-29T09:06
student_027,ch0,0,4,2026-08-29T09:09
student_027,ch0,0,5,2026-08-29T09:10
student_027,ch0,0,6,2026-08-29T09:13
student_027,ch0,1,7,2026-08-29T09:16
student_027,ch0,0,8,2026-08-29T09:20
student_027,ch0,0,9,2026-08-29T09:23
student_027,ch3,1,1,2026-08-29T09:24
student_027,ch3,0,2,2026-08-29T09:26
student_027,ch3,0,3,2026-08-29T09:27
student_027,ch3,0,4,2026-08-29T09:29
student_027,ch3,0,5,2026-08-29T09:31
student_027,ch3,0,6,2026-08-29T09:35
student_027,ch4,0,1,2026-08-29T09:39
student_027,ch4,0,2,2026-08-29T09:40
student_027,ch4,0,3,2026-08-29T09:42
student_027,ch4,1,4,2026-08-29T09:45
student_027,ch4,1,5,2026-08-29T09:46
student_027,ch4,1,6,2026-08-29T09:49
student_027,ch6,0,1,2026-08-29T09:52
student_027,ch6,0,2,2026-08-29T09:56
student_027,ch6,0,3,2026-08-29T10:00
student_027,ch6,0,4,2026-08-29T10:04
student_027,ch6,0,5,2026-08-29T10:05
student_027,ch6,0,6,2026-08-29T10:06
student_027,ch6,0,7,2026-08-29T10:07
student_027,ch6,0,8,2026-08-29T10:08
student_027,ch6,0,9,2026-08-29T10:09
student_027,ch5,0,1,2026-08-29T10:10
student_027,ch5,0,2,2026-08-29T10:14
student_027,ch5,0,3,2026-08-29T10:15
student_027,ch5,0,4,2026-08-29T10:17
student_027,ch5,0,5,2026-08-29T10:21
student_027,ch5,0,6,2026-08-29T10:24
student_027,ch5,0,7,2026-08-29T10:26
student_027,ch5,0,8,2026-08-29T10:29
student_027,ch5,0,9,2026-08-29T10:30
student_027,ch5,0,10,2026-08-29T10:32
student_027,ch7,0,1,2026-08-29T10:36
student_027,ch7,0,2,2026-08-29T10:37
student_027,ch7,0,3,2026-08-29T10:40
student_027,ch7,0,4,2026-08-29T10:42
student_027,ch7,0,5,2026-08-29T10:44
student_027,ch2,1,1,2026-08-29T10:46
student_027,ch2,0,2,2026-08-29T10:47
student_027,ch2,0,3,2026-08-29T10:51
student_027,ch2,0,4,2026-08-29T10:52
student_027,ch2,1,5,2026-08-29T10:53
student_027,ch2,1,6,2026-08-29T10:55
student_027,ch2,0,7,2026-08-29T10:59
student_027,ch1,1,1,2026-08-29T11:01
student_027,ch1,1,2,2026-08-29T11:02
student_027,ch1,0,3,2026-08-29T11:05
student_027,ch1,1,4,2026-08-29T11:08
student_027,ch1,1,5,2026-08-29T11:11
student_027,ch1,1,6,2026-08-29T11:13
student_027,ch1,1,7,2026-08-29T11:16
student_028,ch7,0,1,2026-08-29T09:03
student_028,ch7,1,2,2026-08-29T09:06
student_028,ch7,0,3,2026-08-29T09:10
student_028,ch7,0,4,2026-08-29T09:13
student_028,ch7,0,5,2026-08-29T09:14
student_028,ch7,1,6,2026-08-29T09:15
student_028,ch7,0,7,2026-08-29T09:17
student_028,ch7,0,8,2026-08-29T09:19
student_028,ch7,1,9,2026-08-29T09:20
student_028,ch7,0,10,2026-08-29T09:21
student_028,ch6,1,1,2026-08-29T09:25
student_028,ch6,0,2,2026-08-29T09:27
student_028,ch6,0,3,2026-08-29T09:30
student_028,ch6,0,4,2026-08-29T09:34
student_028,ch6,0,5,2026-08-29T09:36
student_028,ch6,0,6,2026-08-29T09:38
student_028,ch6,0,7,2026-08-29T09:41
student_028,ch6,1,8,2026-08-29T09:42
student_028,ch6,0,9,2026-08-29T09:43
student_028,ch6,0,10,2026-08-29T09:45
student_028,ch4,0,1,2026-08-29T09:47
student_028,ch4,0,2,2026-08-29T09:49
student_028,ch4,0,3,2026-08-29T09:53
student_028,ch4,0,4,2026-08-29T09:54
student_028,ch4,0,5,2026-08-29T09:58
student_028,ch4,0,6,2026-08-29T10:01
student_028,ch2,0,1,2026-08-29T10:04
student_028,ch2,0,2,2026-08-29T10:08
student_028,ch2,0,3,2026-08-29T10:09
student_028,ch2,0,4,2026-08-29T10:12
student_028,ch2,1,5,2026-08-29T10:15
student_028,ch0,0,1,2026-08-29T10:17
student_028,ch0,0,2,2026-08-29T10:21
student_028,ch0,0,3,2026-08-29T10:22
student_028,ch0,0,4,2026-08-29T10:26
student_028,ch0,0,5,2026-08-29T10:28
student_028,ch0,0,6,2026-08-29T10:31
student_028,ch0,0,7,2026-08-29T10:34
student_028,ch1,0,1,2026-08-29T10:35
student_028,ch1,0,2,2026-08-29T10:37
student_028,ch1,0,3,2026-08-29T10:39
student_028,ch1,1,4,2026-08-29T10:42
student_028,ch1,1,5,2026-08-29T10:44
student_028,ch1,1,6,2026-08-29T10:45
student_028,ch1,0,7,2026-08-29T10:49
student_028,ch1,0,8,2026-08-29T10:50
student_028,ch3,0,1,2026-08-29T10:52
student_028,ch3,0,2,2026-08-29T10:56
student_028,ch3,1,3,2026-08-29T10:57
student_028,ch3,1,4,2026-08-29T10:59
student_028,ch3,1,5,2026-08-29T11:00
student_028,ch3,0,6,2026-08-29T11:02
student_028,ch3,1,7,2026-08-29T11:05
student_028,ch3,0,8,2026-08-29T11:09
student_028,ch5,0,1,2026-08-29T11:12
student_028,ch5,0,2,2026-08-29T11:14
student_028,ch5,0,3,2026-08-29T11:18
student_028,ch5,0,4,2026-08-29T11:20
student_028,ch5,0,5,2026-08-29T11:24
student_028,ch5,0,6,2026-08-29T11:26
student_028,ch5,0,7,2026-08-29T11:29
student_028,ch5,0,8,2026-08-29T11:32
student_028,ch5,0,9,2026-08-29T11:33
student_029,ch4,0,1,2026-08-29T09:02
student_029,ch4,0,2,2026-08-29T09:04
student_029,ch4,0,3,2026-08-29T09:05
student_029,ch4,0,4,2026-08-29T09:06
student_029,ch4,1,5,2026-08-29T09:08
student_029,ch4,0,6,2026-08-29T09:09
student_029,ch4,0,7,2026-08-29T09:13
student_029,ch4,0,8,2026-08-29T09:16
student_029,ch4,0,9,2026-08-29T09:20
student_029,ch2,0,1,2026-08-29T09:24
student_029,ch2,0,2,2026-08-29T09:25
student_029,ch2,0,3,2026-08-29T09:28
student_029,ch2,0,4,2026-08-29T09:30
student_029,ch2,0,5,2026-08-29T09:31
student_029,ch2,0,6,2026-08-29T09:35
student_029,ch2,0,7,2026-08-29T09:36
student_029,ch2,0,8,2026-08-29T09:37
student_029,ch5,0,1,2026-08-29T09:41
student_029,ch5,0,2,2026-08-29T09:44
student_029,ch5,0,3,2026-08-29T09:45
student_029,ch5,1,4,2026-08-29T09:48
student_029,ch5,1,5,2026-08-29T09:52
student_029,ch0,1,1,2026-08-29T09:56
student_029,ch0,0,2,2026-08-29T10:00
student_029,ch0,0,3,2026-08-29T10:04
student_029,ch0,1,4,2026-08-29T10:08
student_029,ch0,1,5,2026-08-29T10:11
student_029,ch0,0,6,2026-08-29T10:15
student_029,ch0,0,7,2026-08-29T10:16
student_029,ch0,0,8,2026-08-29T10:20
student_029,ch0,0,9,2026-08-29T10:22
student_029,ch1,0,1,2026-08-29T10:25
student_029,ch1,0,2,2026-08-29T10:26
student_029,ch1,0,3,2026-08-29T10:27
student_029,ch1,0,4,2026-08-29T10:29
student_029,ch1,0,5,2026-08-29T10:33
student_029,ch1,0,6,2026-08-29T10:36
student_029,ch1,0,7,2026-08-29T10:37
student_029,ch1,0,8,2026-08-29T10:41
student_029,ch1,0,9,2026-08-29T10:45
student_029,ch6,1,1,2026-08-29T10:46
student_029,ch6,0,2,2026-08-29T10:48
student_029,ch6,0,3,2026-08-29T10:52
student_029,ch6,1,4,2026-08-29T10:55
student_029,ch6,1,5,2026-08-29T10:57
student_029,ch6,0,6,2026-08-29T10:58
student_029,ch6,1,7,2026-08-29T10:59
student_029,ch6,0,8,2026-08-29T11:00
student_029,ch6,0,9,2026-08-29T11:04
student_029,ch7,0,1,2026-08-29T11:06
student_029,ch7,0,2,2026-08-29T11:07
student_029,ch7,0,3,2026-08-29T11:10
student_029,ch7,0,4,2026-08-29T11:13
student_029,ch7,0,5,2026-08-29T11:16
student_029,ch7,0,6,2026-08-29T11:18
student_029,ch7,0,7,2026-08-29T11:22
student_029,ch7,0,8,2026-08-29T11:25
student_029,ch3,1,1,2026-08-29T11:26
student_029,ch3,0,2,2026-08-29T11:29
student_029,ch3,0,3,2026-08-29T11:32
student_029,ch3,0,4,2026-08-29T11:35
student_029,ch3,0,5,2026-08-29T11:39
student_029,ch3,0,6,2026-08-29T11:41
student_029,ch3,0,7,2026-08-29T11:45
student_029,ch3,0,8,2026-08-29T11:46
student_029,ch3,0,9,2026-08-29T11:49
student_030,ch0,0,1,2026-08-29T09:03
student_030,ch0,1,2,2026-08-29T09:04
student_030,ch0,1,3,2026-08-29T09:07
student_030,ch0,1,4,2026-08-29T09:09
student_030,ch0,1,5,2026-08-29T09:12
student_030,ch0,1,6,2026-08-29T09:15
student_030,ch0,1,7,2026-08-29T09:17
student_030,ch0,1,8,2026-08-29T09:19
student_030,ch0,1,9,2026-08-29T09:21
student_030,ch2,1,1,2026-08-29T09:23
student_030,ch2,0,2,2026-08-29T09:26
student_030,ch2,1,3,2026-08-29T09:27
student_030,ch2,1,4,2026-08-29T09:28
student_030,ch2,0,5,2026-08-29T09:32
student_030,ch2,0,6,2026-08-29T09:33
student_030,ch6,0,1,2026-08-29T09:37
student_030,ch6,0,2,2026-08-29T09:40
student_030,ch6,0,3,2026-08-29T09:43
student_030,ch6,0,4,2026-08-29T09:45
student_030,ch6,1,5,2026-08-29T09:49
student_030,ch6,0,6,2026-08-29T09:50
student_030,ch6,0,7,2026-08-29T09:54
student_030,ch4,0,1,2026-08-29T09:55
student_030,ch4,0,2,2026-08-29T09:59
student_030,ch4,0,3,2026-08-29T10:00
student_030,ch4,1,4,2026-08-29T10:02
student_030,ch4,0,5,2026-08-29T10:03
student_030,ch4,0,6,2026-08-29T10:06
student_030,ch7,1,1,2026-08-29T10:10
student_030,ch7,0,2,2026-08-29T10:13
student_030,ch7,0,3,2026-08-29T10:17
student_030,ch7,0,4,2026-08-29T10:21
student_030,ch7,0,5,2026-08-29T10:24
student_030,ch7,0,6,2026-08-29T10:28
student_030,ch7,0,7,2026-08-29T10:30
student_030,ch5,0,1,2026-08-29T10:31
student_030,ch5,0,2,2026-08-29T10:33
student_030,ch5,0,3,2026-08-29T10:37
student_030,ch5,1,4,2026-08-29T10:39
student_030,ch5,0,5,2026-08-29T10:40
student_030,ch5,1,6,2026-08-29T10:44
student_030,ch5,1,7,2026-08-29T10:47
student_030,ch5,0,8,2026-08-29T10:50
student_030,ch5,1,9,2026-08-29T10:51
student_030,ch3,1,1,2026-08-29T10:53
student_030,ch3,0,2,2026-08-29T10:57
student_030,ch3,0,3,2026-08-29T10:58
student_030,ch3,0,4,2026-08-29T11:01
student_030,ch3,0,5,2026-08-29T11:04
student_030,ch3,0,6,2026-08-29T11:07
student_030,ch3,0,7,2026-08-29T11:11
student_030,ch3,1,8,2026-08-29T11:13
student_030,ch3,0,9,2026-08-29T11:15
student_030,ch3,0,10,2026-08-29T11:18
student_030,ch1,0,1,2026-08-29T11:22
student_030,ch1,0,2,2026-08-29T11:26
student_030,ch1,0,3,2026-08-29T11:30
student_030,ch1,0,4,2026-08-29T11:32
student_030,ch1,0,5,2026-08-29T11:35
student_030,ch1,0,6,2026-08-29T11:39
student_030,ch1,0,7,2026-08-29T11:40
student_030,ch1,0,8,2026-08-29T11:43
student_030,ch1,0,9,2026-08-29T11:46
student_030,ch1,0,10,2026-08-29T11:49
student_031,ch4,1,1,2026-08-29T09:02
student_031,ch4,0,2,2026-08-29T09:03
student_031,ch4,1,3,2026-08-29T09:07
student_031,ch4,1,4,2026-08-29T09:08
student_031,ch4,0,5,2026-08-29T09:12
student_031,ch0,0,1,2026-08-29T09:13
student_031,ch0,1,2,2026-08-29T09:15
student_031,ch0,1,3,2026-08-29T09:19
student_031,ch0,1,4,2026-08-29T09:21
student_031,ch0,0,5,2026-08-29T09:25
student_031,ch1,0,1,2026-08-29T09:27
student_031,ch1,1,2,2026-08-29T09:30
student_031,ch1,0,3,2026-08-29T09:33
student_031,ch1,0,4,2026-08-29T09:37
student_031,ch1,0,5,2026-08-29T09:40
student_031,ch1,0,6,2026-08-29T09:42
student_031,ch5,1,1,2026-08-29T09:46
student_031,ch5,1,2,2026-08-29T09:50
student_031,ch5,1,3,2026-08-29T09:53
student_031,ch5,0,4,2026-08-29T09:57
student_031,ch5,1,5,2026-08-29T09:58
student_031,ch5,1,6,2026-08-29T10:01
student_031,ch5,1,7,2026-08-29T10:03
student_031,ch5,1,8,2026-08-29T10:04
student_031,ch5,1,9,2026-08-29T10:06
student_031,ch5,1,10,2026-08-29T10:10
student_031,ch7,0,1,2026-08-29T10:14
student_031,ch7,1,2,2026-08-29T10:18
student_031,ch7,0,3,2026-08-29T10:20
student_031,ch7,0,4,2026-08-29T10:23
student_031,ch7,1,5,2026-08-29T10:27
student_031,ch7,1,6,2026-08-29T10:29
student_031,ch7,0,7,2026-08-29T10:33
student_031,ch7,0,8,2026-08-29T10:35
student_031,ch7,1,9,2026-08-29T10:39
student_031,ch7,0,10,2026-08-29T10:42
student_031,ch3,0,1,2026-08-29T10:45
student_031,ch3,0,2,2026-08-29T10:46
student_031,ch3,0,3,2026-08-29T10:49
student_031,ch3,1,4,2026-08-29T10:53
student_031,ch3,0,5,2026-08-29T10:56
student_031,ch3,0,6,2026-08-29T11:00
student_031,ch3,0,7,2026-08-29T11:01
student_031,ch3,0,8,2026-08-29T11:02
student_031,ch3,0,9,2026-08-29T11:03
student_031,ch3,0,10,2026-08-29T11:05
student_031,ch2,1,1,2026-08-29T11:06
student_031,ch2,1,2,2026-08-29T11:10
student_031,ch2,1,3,2026-08-29T11:14
student_031,ch2,1,4,2026-08-29T11:18
student_031,ch2,0,5,2026-08-29T11:22
student_031,ch2,0,6,2026-08-29T11:23
student_031,ch2,1,7,2026-08-29T11:25
student_031,ch2,1,8,2026-08-29T11:29
student_031,ch2,1,9,2026-08-29T11:33
student_031,ch2,1,10,2026-08-29T11:36
student_031,ch6,1,1,2026-08-29T11:38
student_031,ch6,1,2,2026-08-29T11:42
student_031,ch6,1,3,2026-08-29T11:43
student_031,ch6,1,4,2026-08-29T11:44
student_031,ch6,1,5,2026-08-29T11:46
student_032,ch1,0,1,2026-08-29T09:03
student_032,ch1,0,2,2026-08-29T09:06
student_032,ch1,1,3,2026-08-29T09:07
student_032,ch1,0,4,2026-08-29T09:09
student_032,ch1,0,5,2026-08-29T09:11
student_032,ch1,0,6,2026-08-29T09:14
student_032,ch1,1,7,2026-08-29T09:17
student_032,ch1,0,8,2026-08-29T09:21
student_032,ch1,0,9,2026-08-29T09:22
student_032,ch6,0,1,2026-08-29T09:26
student_032,ch6,0,2,2026-08-29T09:28
student_032,ch6,0,3,2026-08-29T09:29
student_032,ch6,1,4,2026-08-29T09:33
student_032,ch6,1,5,2026-08-29T09:36
student_032,ch6,0,6,2026-08-29T09:37
student_032,ch6,1,7,2026-08-29T09:39
student_032,ch6,0,8,2026-08-29T09:40
student_032,ch6,1,9,2026-08-29T09:42
student_032,ch0,0,1,2026-08-29T09:45
student_032,ch0,0,2,2026-08-29T09:49
student_032,ch0,0,3,2026-08-29T09:50
student_032,ch0,0,4,2026-08-29T09:53
student_032,ch0,0,5,2026-08-29T09:56
student_032,ch0,0,6,2026-08-29T10:00
student_032,ch0,0,7,2026-08-29T10:03
student_032,ch0,0,8,2026-08-29T10:07
student_032,ch0,0,9,2026-08-29T10:09
student_032,ch4,0,1,2026-08-29T10:12
student_032,ch4,0,2,2026-08-29T10:14
student_032,ch4,1,3,2026-08-29T10:16
student_032,ch4,0,4,2026-08-29T10:19
student_032,ch4,0,5,2026-08-29T10:23
student_032,ch4,1,6,2026-08-29T10:27
student_032,ch4,0,7,2026-08-29T10:28
student_032,ch2,0,1,2026-08-29T10:30
student_032,ch2,0,2,2026-08-29T10:31
student_032,ch2,0,3,2026-08-29T10:35
student_032,ch2,1,4,2026-08-29T10:39
student_032,ch2,0,5,2026-08-29T10:41
student_032,ch2,0,6,2026-08-29T10:44
student_032,ch2,0,7,2026-08-29T10:47
student_032,ch5,0,1,2026-08-29T10:48
student_032,ch5,0,2,2026-08-29T10:50
student_032,ch5,0,3,2026-08-29T10:51
student_032,ch5,0,4,2026-08-29T10:55
student_032,ch5,0,5,2026-08-29T10:56
student_032,ch5,0,6,2026-08-29T11:00
student_032,ch5,0,7,2026-08-29T11:03
student_032,ch5,0,8,2026-08-29T11:05
student_032,ch5,0,9,2026-08-29T11:06
student_032,ch3,0,1,2026-08-29T11:07
student_032,ch3,0,2,2026-08-29T11:08
student_032,ch3,0,3,2026-08-29T11:12
student_032,ch3,0,4,2026-08-29T11:13
student_032,ch3,0,5,2026-08-29T11:16
student_032,ch3,0,6,2026-08-29T11:17
student_032,ch7,0,1,2026-08-29T11:18
student_032,ch7,1,2,2026-08-29T11:20
student_032,ch7,0,3,2026-08-29T11:22
student_032,ch7,1,4,2026-08-29T11:24
student_032,ch7,0,5,2026-08-29T11:26
student_033,ch7,0,1,2026-08-29T09:02
student_033,ch7,0,2,2026-08-29T09:06
student_033,ch7,0,3,2026-08-29T09:08
student_033,ch7,0,4,2026-08-29T09:12
student_033,ch7,0,5,2026-08-29T09:15
student_033,ch7,0,6,2026-08-29T09:18
student_033,ch7,0,7,2026-08-29T09:22
student_033,ch7,0,8,2026-08-29T09:26
student_033,ch1,0,1,2026-08-29T09:28
student_033,ch1,0,2,2026-08-29T09:31
student_033,ch1,0,3,2026-08-29T09:35
student_033,ch1,0,4,2026-08-29T09:39
student_033,ch1,1,5,2026-08-29T09:40
student_033,ch1,0,6,2026-08-29T09:41
student_033,ch1,0,7,2026-08-29T09:44
student_033,ch3,0,1,2026-08-29T09:47
student_033,ch3,1,2,2026-08-29T09:50
student_033,ch3,0,3,2026-08-29T09:52
student_033,ch3,1,4,2026-08-29T09:56
student_033,ch3,0,5,2026-08-29T09:58
student_033,ch3,0,6,2026-08-29T10:00
student_033,ch2,1,1,2026-08-29T10:04
student_033,ch2,0,2,2026-08-29T10:06
student_033,ch2,0,3,2026-08-29T10:09
student_033,ch2,0,4,2026-08-29T10:11
student_033,ch2,0,5,2026-08-29T10:12
student_033,ch2,0,6,2026-08-29T10:15
student_033,ch2,1,7,2026-08-29T10:19
student_033,ch4,0,1,2026-08-29T10:22
student_033,ch4,0,2,2026-08-29T10:26
student_033,ch4,0,3,2026-08-29T10:27
student_033,ch4,0,4,2026-08-29T10:29
student_033,ch4,0,5,2026-08-29T10:30
student_033,ch0,0,1,2026-08-29T10:33
student_033,ch0,0,2,2026-08-29T10:36
student_033,ch0,0,3,2026-08-29T10:38
student_033,ch0,0,4,2026-08-29T10:40
student_033,ch0,1,5,2026-08-29T10:44
student_033,ch0,0,6,2026-08-29T10:45
student_033,ch0,0,7,2026-08-29T10:48
student_033,ch0,0,8,2026-08-29T10:50
student_033,ch0,1,9,2026-08-29T10:51
student_033,ch0,0,10,2026-08-29T10:52
student_033,ch5,1,1,2026-08-29T10:56
student_033,ch5,0,2,2026-08-29T10:58
student_033,ch5,0,3,2026-08-29T11:02
student_033,ch5,0,4,2026-08-29T11:06
student_033,ch5,0,5,2026-08-29T11:08
student_033,ch5,0,6,2026-08-29T11:10
student_033,ch5,0,7,2026-08-29T11:13
student_033,ch6,0,1,2026-08-29T11:14
student_033,ch6,1,2,2026-08-29T11:18
student_033,ch6,0,3,2026-08-29T11:21
student_033,ch6,1,4,2026-08-29T11:24
student_033,ch6,0,5,2026-08-29T11:25
student_033,ch6,0,6,2026-08-29T11:27
student_033,ch6,0,7,2026-08-29T11:31
student_034,ch5,0,1,2026-08-29T09:01
student_034,ch5,0,2,2026-08-29T09:03
student_034,ch5,0,3,2026-08-29T09:05
student_034,ch5,0,4,2026-08-29T09:08
student_034,ch5,1,5,2026-08-29T09:09
student_034,ch5,0,6,2026-08-29T09:13
student_034,ch5,1,7,2026-08-29T09:15
student_034,ch5,0,8,2026-08-29T09:17
student_034,ch5,0,9,2026-08-29T09:20
student_034,ch5,0,10,2026-08-29T09:22
student_034,ch6,1,1,2026-08-29T09:23
student_034,ch6,1,2,2026-08-29T09:24
student_034,ch6,1,3,2026-08-29T09:27
student_034,ch6,1,4,2026-08-29T09:28
student_034,ch6,1,5,2026-08-29T09:31
student_034,ch6,1,6,2026-08-29T09:34
student_034,ch6,1,7,2026-08-29T09:35
student_034,ch6,1,8,2026-08-29T09:39
student_034,ch6,1,9,2026-08-29T09:43
student_034,ch6,1,10,2026-08-29T09:44
student_034,ch7,0,1,2026-08-29T09:45
student_034,ch7,1,2,2026-08-29T09:49
student_034,ch7,0,3,2026-08-29T09:50
student_034,ch7,1,4,2026-08-29T09:53
student_034,ch7,1,5,2026-08-29T09:57
student_034,ch7,0,6,2026-08-29T09:58
student_034,ch7,1,7,2026-08-29T10:01
student_034,ch7,1,8,2026-08-29T10:04
student_034,ch4,0,1,2026-08-29T10:05
student_034,ch4,0,2,2026-08-29T10:09
student_034,ch4,0,3,2026-08-29T10:10
student_034,ch4,0,4,2026-08-29T10:13
student_034,ch4,0,5,2026-08-29T10:16
student_034,ch4,0,6,2026-08-29T10:18
student_034,ch4,0,7,2026-08-29T10:22
student_034,ch4,0,8,2026-08-29T10:24
student_034,ch4,0,9,2026-08-29T10:26
student_034,ch1,0,1,2026-08-29T10:29
student_034,ch1,0,2,2026-08-29T10:31
student_034,ch1,0,3,2026-08-29T10:33
student_034,ch1,0,4,2026-08-29T10:35
student_034,ch1,0,5,2026-08-29T10:38
student_034,ch1,0,6,2026-08-29T10:40
student_034,ch1,0,7,2026-08-29T10:42
student_034,ch0,0,1,2026-08-29T10:45
student_034,ch0,1,2,2026-08-29T10:46
student_034,ch0,1,3,2026-08-29T10:48
student_034,ch0,0,4,2026-08-29T10:51
student_034,ch0,0,5,2026-08-29T10:55
student_034,ch0,0,6,2026-08-29T10:58
student_034,ch0,0,7,2026-08-29T11:01
student_034,ch0,1,8,2026-08-29T11:03
student_034,ch0,1,9,2026-08-29T11:05
student_034,ch3,0,1,2026-08-29T11:07
student_034,ch3,0,2,2026-08-29T11:09
student_034,ch3,0,3,2026-08-29T11:12
student_034,ch3,1,4,2026-08-29T11:16
student_034,ch3,1,5,2026-08-29T11:20
student_034,ch3,0,6,2026-08-29T11:23
student_034,ch3,1,7,2026-08-29T11:27
student_034,ch3,0,8,2026-08-29T11:29
student_034,ch3,1,9,2026-08-29T11:31
student_034,ch2,0,1,2026-08-29T11:35
student_034,ch2,0,2,2026-08-29T11:37
student_034,ch2,0,3,2026-08-29T11:38
student_034,ch2,0,4,2026-08-29T11:42
student_034,ch2,0,5,2026-08-29T11:46
student_035,ch2,0,1,2026-08-29T09:04
student_035,ch2,0,2,2026-08-29T09:05
student_035,ch2,0,3,2026-08-29T09:09
student_035,ch2,0,4,2026-08-29T09:10
student_035,ch2,0,5,2026-08-29T09:12
student_035,ch2,0,6,2026-08-29T09:16
student_035,ch2,0,7,2026-08-29T09:17
student_035,ch2,0,8,2026-08-29T09:18
student_035,ch0,0,1,2026-08-29T09:21
student_035,ch0,0,2,2026-08-29T09:24
student_035,ch0,0,3,2026-08-29T09:28
student_035,ch0,0,4,2026-08-29T09:29
student_035,ch0,0,5,2026-08-29T09:31
student_035,ch0,0,6,2026-08-29T09:35
student_035,ch0,0,7,2026-08-29T09:36
student_035,ch0,0,8,2026-08-29T09:38
student_035,ch4,0,1,2026-08-29T09:40
student_035,ch4,0,2,2026-08-29T09:42
student_035,ch4,0,3,2026-08-29T09:43
student_035,ch4,0,4,2026-08-29T09:45
student_035,ch4,0,5,2026-08-29T09:46
student_035,ch4,0,6,2026-08-29T09:50
student_035,ch4,0,7,2026-08-29T09:51
student_035,ch7,0,1,2026-08-29T09:53
student_035,ch7,0,2,2026-08-29T09:57
student_035,ch7,1,3,2026-08-29T09:59
student_035,ch7,0,4,2026-08-29T10:01
student_035,ch7,1,5,2026-08-29T10:03
student_035,ch7,1,6,2026-08-29T10:04
student_035,ch7,1,7,2026-08-29T10:07
student_035,ch7,0,8,2026-08-29T10:11
student_035,ch1,1,1,2026-08-29T10:13
student_035,ch1,0,2,2026-08-29T10:14
student_035,ch1,0,3,2026-08-29T10:17
student_035,ch1,1,4,2026-08-29T10:21
student_035,ch1,0,5,2026-08-29T10:22
student_035,ch1,0,6,2026-08-29T10:26
student_035,ch3,0,1,2026-08-29T10:30
student_035,ch3,0,2,2026-08-29T10:31
student_035,ch3,0,3,2026-08-29T10:32
student_035,ch3,0,4,2026-08-29T10:35
student_035,ch3,0,5,2026-08-29T10:37
student_035,ch3,0,6,2026-08-29T10:39
student_035,ch3,0,7,2026-08-29T10:42
student_035,ch3,0,8,2026-08-29T10:43
student_035,ch3,0,9,2026-08-29T10:46
student_035,ch6,1,1,2026-08-29T10:50
student_035,ch6,0,2,2026-08-29T10:52
student_035,ch6,0,3,2026-08-29T10:54
student_035,ch6,0,4,2026-08-29T10:57
student_035,ch6,0,5,2026-08-29T10:58
student_035,ch5,0,1,2026-08-29T11:02
student_035,ch5,0,2,2026-08-29T11:06
student_035,ch5,0,3,2026-08-29T11:07
student_035,ch5,0,4,2026-08-29T11:09
student_035,ch5,1,5,2026-08-29T11:12
student_035,ch5,0,6,2026-08-29T11:16
student_035,ch5,0,7,2026-08-29T11:18
student_036,ch3,1,1,2026-08-29T09:03
student_036,ch3,0,2,2026-08-29T09:07
student_036,ch3,0,3,2026-08-29T09:11
student_036,ch3,0,4,2026-08-29T09:13
student_036,ch3,0,5,2026-08-29T09:15
student_036,ch3,0,6,2026-08-29T09:17
student_036,ch3,1,7,2026-08-29T09:18
student_036,ch2,0,1,2026-08-29T09:20
student_036,ch2,0,2,2026-08-29T09:24
student_036,ch2,0,3,2026-08-29T09:27
student_036,ch2,0,4,2026-08-29T09:29
student_036,ch2,1,5,2026-08-29T09:31
student_036,ch1,0,1,2026-08-29T09:34
student_036,ch1,0,2,2026-08-29T09:37
student_036,ch1,0,3,2026-08-29T09:38
student_036,ch1,0,4,2026-08-29T09:41
student_036,ch1,0,5,2026-08-29T09:42
student_036,ch1,0,6,2026-08-29T09:44
student_036,ch1,0,7,2026-08-29T09:47
student_036,ch6,0,1,2026-08-29T09:48
student_036,ch6,0,2,2026-08-29T09:52
student_036,ch6,1,3,2026-08-29T09:56
student_036,ch6,0,4,2026-08-29T09:59
student_036,ch6,0,5,2026-08-29T10:03
student_036,ch6,0,6,2026-08-29T10:04
student_036,ch6,0,7,2026-08-29T10:07
student_036,ch6,0,8,2026-08-29T10:10
student_036,ch5,1,1,2026-08-29T10:13
student_036,ch5,0,2,2026-08-29T10:16
student_036,ch5,1,3,2026-08-29T10:18
student_036,ch5,1,4,2026-08-29T10:19
student_036,ch5,1,5,2026-08-29T10:23
student_036,ch4,0,1,2026-08-29T10:27
student_036,ch4,1,2,2026-08-29T10:28
student_036,ch4,0,3,2026-08-29T10:31
student_036,ch4,0,4,2026-08-29T10:34
student_036,ch4,0,5,2026-08-29T10:37
student_036,ch4,0,6,2026-08-29T10:41
student_036,ch7,1,1,2026-08-29T10:44
student_036,ch7,1,2,2026-08-29T10:47
student_036,ch7,1,3,2026-08-29T10:50
student_036,ch7,1,4,2026-08-29T10:52
student_036,ch7,0,5,2026-08-29T10:56
student_036,ch7,1,6,2026-08-29T11:00
student_036,ch7,1,7,2026-08-29T11:02
student_036,ch0,0,1,2026-08-29T11:05
student_036,ch0,0,2,2026-08-29T11:07
student_036,ch0,0,3,2026-08-29T11:08
student_036,ch0,0,4,2026-08-29T11:10
student_036,ch0,0,5,2026-08-29T11:11
student_036,ch0,0,6,2026-08-29T11:12
student_036,ch0,1,7,2026-08-29T11:13
student_036,ch0,0,8,2026-08-29T11:14
student_037,ch6,1,1,2026-08-29T09:02
student_037,ch6,1,2,2026-08-29T09:05
student_037,ch6,0,3,2026-08-29T09:06
student_037,ch6,1,4,2026-08-29T09:08
student_037,ch6,1,5,2026-08-29T09:09
student_037,ch6,0,6,2026-08-29T09:10
student_037,ch1,0,1,2026-08-29T09:13
student_037,ch1,1,2,2026-08-29T09:16
student_037,ch1,0,3,2026-08-29T09:18
student_037,ch1,1,4,2026-08-29T09:21
student_037,ch1,0,5,2026-08-29T09:22
student_037,ch1,1,6,2026-08-29T09:26
student_037,ch1,0,7,2026-08-29T09:27
student_037,ch4,1,1,2026-08-29T09:31
student_037,ch4,1,2,2026-08-29T09:35
student_037,ch4,0,3,2026-08-29T09:38
student_037,ch4,1,4,2026-08-29T09:40
student_037,ch4,0,5,2026-08-29T09:41
student_037,ch2,0,1,2026-08-29T09:42
student_037,ch2,0,2,2026-08-29T09:46
student_037,ch2,1,3,2026-08-29T09:49
student_037,ch2,0,4,2026-08-29T09:53
student_037,ch2,0,5,2026-08-29T09:55
student_037,ch2,1,6,2026-08-29T09:58
student_037,ch2,0,7,2026-08-29T10:02
student_037,ch2,1,8,2026-08-29T10:05
student_037,ch7,0,1,2026-08-29T10:06
student_037,ch7,1,2,2026-08-29T10:07
student_037,ch7,1,3,2026-08-29T10:11
student_037,ch7,0,4,2026-08-29T10:14
student_037,ch7,0,5,2026-08-29T10:16
student_037,ch7,0,6,2026-08-29T10:20
student_037,ch7,0,7,2026-08-29T10:21
student_037,ch0,1,1,2026-08-29T10:24
student_037,ch0,0,2,2026-08-29T10:28
student_037,ch0,0,3,2026-08-29T10:30
student_037,ch0,0,4,2026-08-29T10:32
student_037,ch0,0,5,2026-08-29T10:36
student_037,ch0,1,6,2026-08-29T10:38
student_037,ch0,0,7,2026-08-29T10:42
student_037,ch0,0,8,2026-08-29T10:46
student_037,ch0,0,9,2026-08-29T10:49
student_037,ch0,0,10,2026-08-29T10:51
student_037,ch3,1,1,2026-08-29T10:55
student_037,ch3,1,2,2026-08-29T10:59
student_037,ch3,1,3,2026-08-29T11:00
student_037,ch3,0,4,2026-08-29T11:02
student_037,ch3,1,5,2026-08-29T11:06
student_037,ch3,1,6,2026-08-29T11:07
student_037,ch3,0,7,2026-08-29T11:11
student_037,ch3,1,8,2026-08-29T11:12
student_037,ch3,1,9,2026-08-29T11:14
student_037,ch3,0,10,2026-08-29T11:15
student_037,ch5,1,1,2026-08-29T11:18
student_037,ch5,1,2,2026-08-29T11:22
student_037,ch5,1,3,2026-08-29T11:25
student_037,ch5,1,4,2026-08-29T11:28
student_037,ch5,0,5,2026-08-29T11:32
student_037,ch5,0,6,2026-08-29T11:35
student_037,ch5,0,7,2026-08-29T11:36
student_037,ch5,0,8,2026-08-29T11:40
student_037,ch5,0,9,2026-08-29T11:43
student_037,ch5,1,10,2026-08-29T11:44
student_038,ch6,0,1,2026-08-29T09:03
student_038,ch6,0,2,2026-08-29T09:07
student_038,ch6,0,3,2026-08-29T09:09
student_038,ch6,0,4,2026-08-29T09:13
student_038,ch6,0,5,2026-08-29T09:17
student_038,ch6,0,6,2026-08-29T09:20
student_038,ch6,0,7,2026-08-29T09:22
student_038,ch6,0,8,2026-08-29T09:24
student_038,ch6,0,9,2026-08-29T09:25
student_038,ch6,0,10,2026-08-29T09:27
student_038,ch3,0,1,2026-08-29T09:29
student_038,ch3,1,2,2026-08-29T09:33
student_038,ch3,0,3,2026-08-29T09:37
student_038,ch3,0,4,2026-08-29T09:41
student_038,ch3,0,5,2026-08-29T09:45
student_038,ch3,0,6,2026-08-29T09:47
student_038,ch3,1,7,2026-08-29T09:48
student_038,ch3,0,8,2026-08-29T09:50
student_038,ch1,0,1,2026-08-29T09:53
student_038,ch1,1,2,2026-08-29T09:54
student_038,ch1,0,3,2026-08-29T09:57
student_038,ch1,1,4,2026-08-29T10:01
student_038,ch1,0,5,2026-08-29T10:02
student_038,ch1,1,6,2026-08-29T10:05
student_038,ch1,1,7,2026-08-29T10:06
student_038,ch7,1,1,2026-08-29T10:10
student_038,ch7,0,2,2026-08-29T10:11
student_038,ch7,0,3,2026-08-29T10:14
student_038,ch7,0,4,2026-08-29T10:17
student_038,ch7,0,5,2026-08-29T10:18
student_038,ch7,0,6,2026-08-29T10:22
student_038,ch7,0,7,2026-08-29T10:25
student_038,ch7,0,8,2026-08-29T10:28
student_038,ch7,0,9,2026-08-29T10:29
student_038,ch2,0,1,2026-08-29T10:32
student_038,ch2,1,2,2026-08-29T10:36
student_038,ch2,0,3,2026-08-29T10:37
student_038,ch2,0,4,2026-08-29T10:40
student_038,ch2,0,5,2026-08-29T10:41
student_038,ch2,0,6,2026-08-29T10:42
student_038,ch2,1,7,2026-08-29T10:43
student_038,ch2,0,8,2026-08-29T10:46
student_038,ch2,1,9,2026-08-29T10:49
student_038,ch4,1,1,2026-08-29T10:50
student_038,ch4,0,2,2026-08-29T10:52
student_038,ch4,0,3,2026-08-29T10:55
student_038,ch4,0,4,2026-08-29T10:58
student_038,ch4,0,5,2026-08-29T11:00
student_038,ch4,0,6,2026-08-29T11:01
student_038,ch4,0,7,2026-08-29T11:02
student_038,ch5,0,1,2026-08-29T11:04
student_038,ch5,0,2,2026-08-29T11:08
student_038,ch5,0,3,2026-08-29T11:10
student_038,ch5,0,4,2026-08-29T11:12
student_038,ch5,1,5,2026-08-29T11:15
student_038,ch5,1,6,2026-08-29T11:18
student_038,ch5,0,7,2026-08-29T11:19
student_038,ch5,1,8,2026-08-29T11:23
student_038,ch5,1,9,2026-08-29T11:26
student_038,ch0,1,1,2026-08-29T11:30
student_038,ch0,0,2,2026-08-29T11:32
student_038,ch0,0,3,2026-08-29T11:36
student_038,ch0,1,4,2026-08-29T11:40
student_038,ch0,1,5,2026-08-29T11:43
student_038,ch0,0,6,2026-08-29T11:44
student_038,ch0,1,7,2026-08-29T11:47
student_038,ch0,0,8,2026-08-29T11:51
student_038,ch0,0,9,2026-08-29T11:54
student_039,ch4,0,1,2026-08-29T09:02
student_039,ch4,0,2,2026-08-29T09:04
student_039,ch4,0,3,2026-08-29T09:05
student_039,ch4,0,4,2026-08-29T09:06
student_039,ch4,1,5,2026-08-29T09:07
student_039,ch4,0,6,2026-08-29T09:11
student_039,ch4,0,7,2026-08-29T09:14
student_039,ch4,0,8,2026-08-29T09:15
student_039,ch4,1,9,2026-08-29T09:16
student_039,ch4,1,10,2026-08-29T09:18
student_039,ch1,1,1,2026-08-29T09:19
student_039,ch1,1,2,2026-08-29T09:21
student_039,ch1,1,3,2026-08-29T09:23
student_039,ch1,0,4,2026-08-29T09:25
student_039,ch1,1,5,2026-08-29T09:29
student_039,ch1,1,6,2026-08-29T09:30
student_039,ch1,1,7,2026-08-29T09:33
student_039,ch1,1,8,2026-08-29T09:36
student_039,ch1,1,9,2026-08-29T09:37
student_039,ch1,1,10,2026-08-29T09:38
student_039,ch3,0,1,2026-08-29T09:41
student_039,ch3,0,2,2026-08-29T09:44
student_039,ch3,1,3,2026-08-29T09:45
student_039,ch3,0,4,2026-08-29T09:47
student_039,ch3,0,5,2026-08-29T09:49
student_039,ch3,0,6,2026-08-29T09:50
student_039,ch3,1,7,2026-08-29T09:54
student_039,ch7,1,1,2026-08-29T09:58
student_039,ch7,0,2,2026-08-29T09:59
student_039,ch7,1,3,2026-08-29T10:00
student_039,ch7,0,4,2026-08-29T10:03
student_039,ch7,0,5,2026-08-29T10:04
student_039,ch7,0,6,2026-08-29T10:06
student_039,ch7,0,7,2026-08-29T10:07
student_039,ch7,0,8,2026-08-29T10:11
student_039,ch7,0,9,2026-08-29T10:14
student_039,ch7,0,10,2026-08-29T10:15
student_039,ch0,0,1,2026-08-29T10:19
student_039,ch0,0,2,2026-08-29T10:20
student_039,ch0,0,3,2026-08-29T10:21
student_039,ch0,0,4,2026-08-29T10:25
student_039,ch0,1,5,2026-08-29T10:28
student_039,ch0,0,6,2026-08-29T10:31
student_039,ch0,0,7,2026-08-29T10:32
student_039,ch0,0,8,2026-08-29T10:35
student_039,ch6,0,1,2026-08-29T10:38
student_039,ch6,0,2,2026-08-29T10:40
student_039,ch6,0,3,2026-08-29T10:44
student_039,ch6,0,4,2026-08-29T10:47
student_039,ch6,0,5,2026-08-29T10:48
student_039,ch6,0,6,2026-08-29T10:51
student_039,ch6,0,7,2026-08-29T10:55
student_039,ch6,0,8,2026-08-29T10:57
student_039,ch2,0,1,2026-08-29T10:59
student_039,ch2,0,2,2026-08-29T11:00
student_039,ch2,0,3,2026-08-29T11:03
student_039,ch2,0,4,2026-08-29T11:07
student_039,ch2,0,5,2026-08-29T11:08
student_039,ch5,0,1,2026-08-29T11:09
student_039,ch5,0,2,2026-08-29T11:11
student_039,ch5,0,3,2026-08-29T11:15
student_039,ch5,0,4,2026-08-29T11:17
student_039,ch5,0,5,2026-08-29T11:19
student_040,ch4,1,1,2026-08-29T09:02
student_040,ch4,1,2,2026-08-29T09:03
student_040,ch4,0,3,2026-08-29T09:04
student_040,ch4,0,4,2026-08-29T09:06
student_040,ch4,0,5,2026-08-29T09:07
student_040,ch4,0,6,2026-08-29T09:08
student_040,ch4,1,7,2026-08-29T09:10
student_040,ch4,1,8,2026-08-29T09:12
student_040,ch4,1,9,2026-08-29T09:16
student_040,ch6,0,1,2026-08-29T09:18
student_040,ch6,0,2,2026-08-29T09:20
student_040,ch6,0,3,2026-08-29T09:22
student_040,ch6,0,4,2026-08-29T09:23
student_040,ch6,0,5,2026-08-29T09:27
student_040,ch6,0,6,2026-08-29T09:30
student_040,ch6,0,7,2026-08-29T09:34
student_040,ch6,0,8,2026-08-29T09:35
student_040,ch6,0,9,2026-08-29T09:39
student_040,ch6,0,10,2026-08-29T09:40
student_040,ch2,1,1,2026-08-29T09:42
student_040,ch2,0,2,2026-08-29T09:45
student_040,ch2,1,3,2026-08-29T09:49
student_040,ch2,0,4,2026-08-29T09:51
student_040,ch2,1,5,2026-08-29T09:54
student_040,ch3,1,1,2026-08-29T09:56
student_040,ch3,0,2,2026-08-29T09:57
student_040,ch3,0,3,2026-08-29T10:01
student_040,ch3,0,4,2026-08-29T10:02
student_040,ch3,0,5,2026-08-29T10:05
student_040,ch3,0,6,2026-08-29T10:06
student_040,ch3,0,7,2026-08-29T10:08
student_040,ch3,1,8,2026-08-29T10:09
student_040,ch7,0,1,2026-08-29T10:13
student_040,ch7,0,2,2026-08-29T10:15
student_040,ch7,0,3,2026-08-29T10:17
student_040,ch7,1,4,2026-08-29T10:19
student_040,ch7,0,5,2026-08-29T10:23
student_040,ch7,0,6,2026-08-29T10:25
student_040,ch7,0,7,2026-08-29T10:26
student_040,ch7,1,8,2026-08-29T10:29
student_040,ch7,0,9,2026-08-29T10:33
student_040,ch5,0,1,2026-08-29T10:37
student_040,ch5,1,2,2026-08-29T10:38
student_040,ch5,0,3,2026-08-29T10:40
student_040,ch5,1,4,2026-08-29T10:41
student_040,ch5,0,5,2026-08-29T10:42
student_040,ch5,1,6,2026-08-29T10:44
student_040,ch5,0,7,2026-08-29T10:47
student_040,ch5,0,8,2026-08-29T10:50
student_040,ch5,1,9,2026-08-29T10:51
student_040,ch0,1,1,2026-08-29T10:55
student_040,ch0,0,2,2026-08-29T10:59
student_040,ch0,0,3,2026-08-29T11:00
student_040,ch0,0,4,2026-08-29T11:04
student_040,ch0,1,5,2026-08-29T11:08
student_040,ch1,0,1,2026-08-29T11:12
student_040,ch1,0,2,2026-08-29T11:16
student_040,ch1,0,3,2026-08-29T11:19
student_040,ch1,0,4,2026-08-29T11:21
student_040,ch1,0,5,2026-08-29T11:22
student_040,ch1,0,6,2026-08-29T11:23
student_040,ch1,0,7,2026-08-29T11:24
student_040,ch1,0,8,2026-08-29T11:28
student_040,ch1,0,9,2026-08-29T11:31
