question_id,chapter_id,question,option_a,option_b,option_c,option_d,correct_option,difficulty
ch0_q001,ch0,Evaluate lim(x→-3) [-5x² + 5x - 1],-66,-65,-62,-61,d,easy
ch0_q002,ch0,Evaluate lim(x→-4) [-5x² - 5x - 2],-68,-65,-62,-63,c,easy
ch0_q003,ch0,Evaluate lim(x→0) [-5x² + 6x - 3],1,-1,-3,0,c,easy
ch0_q004,ch0,Evaluate lim(x→-3) [-4x² - 5x + 3],-15,-18,-24,-17,b,easy
ch0_q005,ch0,Evaluate lim(x→2) [-4x² + 2x + 1],-10,-14,-16,-11,d,easy
ch0_q006,ch0,Evaluate lim(x→0) [-4x² - 3x - 5],-2,1,-5,-3,c,easy
ch0_q007,ch0,Evaluate lim(x→1) [-2x² + 4x - 6],-4,-7,-5,-8,a,easy
ch0_q008,ch0,Evaluate lim(x→4) [-2x² + 4x + 2],-14,-17,-16,-20,a,easy
ch0_q009,ch0,Evaluate lim(x→-3) [-2x² + 3x + 2],-26,-20,-25,-19,c,easy
ch0_q010,ch0,Evaluate lim(x→-2) [-2x² + 5x + 5],-13,-9,-16,-11,a,easy
ch0_q011,ch0,Evaluate lim(x→-3) [-5x² - 5x - 4],-34,-35,-29,-39,a,easy
ch0_q012,ch0,Evaluate lim(x→4) [-x² + 2x - 8],-18,-12,-13,-16,d,easy
ch0_q013,ch0,Evaluate lim(x→-2) [2x² - 6x + 8],27,31,28,23,c,easy
ch0_q014,ch0,Evaluate lim(x→-2) [3x² + 6x + 8],6,12,14,8,d,easy
ch0_q015,ch0,Evaluate lim(x→0) [-2x² - 6x - 1],-6,-3,5,-1,d,easy
ch0_q016,ch0,Evaluate lim(x→-2) [5x² + x - 3],15,20,12,16,a,easy
ch0_q017,ch0,Evaluate lim(x→2) [5x² + 4x + 3],37,33,31,26,c,easy
ch0_q018,ch0,Evaluate lim(x→1) [-5x² + 3x - 1],-8,-4,-9,-3,d,easy
ch0_q019,ch0,Evaluate lim(x→-4) [-4x² + 2x - 1],-73,-72,-76,-67,a,easy
ch0_q020,ch0,Evaluate lim(x→-1) [2x² + 6x + 5],1,6,0,-4,a,easy
ch0_q021,ch0,Evaluate lim(x→3) [-5x² + 4x - 5],-33,-40,-34,-38,d,easy
ch0_q022,ch0,Evaluate lim(x→-1) [3x² + x - 4],0,-6,-2,1,c,easy
ch0_q023,ch0,Evaluate lim(x→3) [3x² - 5x - 7],5,3,2,0,a,easy
ch0_q024,ch0,Evaluate lim(x→3) [-2x² - 6x - 3],-39,-34,-37,-45,a,easy
ch0_q025,ch0,Evaluate lim(x→2) [3x² + 4x + 7],30,24,27,26,c,easy
ch0_q026,ch0,Evaluate lim(x→1) [-5x² - 6x + 7],-9,-5,-4,-10,c,easy
ch0_q027,ch0,Evaluate lim(x→-1) [x² - 5x - 1],10,5,0,3,b,easy
ch0_q028,ch0,Evaluate lim(x→1) [-2x² - 2x + 4],6,-1,0,3,c,easy
ch0_q029,ch0,Evaluate lim(x→3) [4x² + 3x - 5],38,40,37,43,b,easy
ch0_q030,ch0,Evaluate lim(x→-1) [-x² - 4x + 6],3,12,10,9,d,easy
ch0_q031,ch0,Evaluate lim(x→-3) [-4x² + 5x - 4],-54,-52,-55,-58,c,easy
ch0_q032,ch0,Evaluate lim(x→4) [2x² - 2x - 7],22,15,20,17,d,easy
ch0_q033,ch0,Evaluate lim(x→-2) [5x² - 2x - 3],26,15,23,21,d,easy
ch0_q034,ch0,Evaluate lim(x→4) [-5x² - x - 4],-86,-88,-94,-92,b,easy
ch0_q035,ch0,Evaluate lim(x→-1) [(x² + 4x + 3)/(x + 1)],3,1,0,2,d,medium
ch0_q036,ch0,Evaluate lim(x→3) [(x² - 4x + 3)/(x - 3)],3,1,2,0,c,medium
ch0_q037,ch0,Evaluate lim(x→-6) [(x² + 14x + 48)/(x + 6)],3,2,0,1,b,medium
ch0_q038,ch0,Evaluate lim(x→-2) [(x² + 6x + 8)/(x + 2)],1,3,0,2,d,medium
ch0_q039,ch0,Evaluate lim(x→1) [(x² - 4x + 3)/(x - 1)],-2,-3,0,-1,a,medium
ch0_q040,ch0,Evaluate lim(x→6) [(x² - 14x + 48)/(x - 6)],-2,-3,-1,0,a,medium
ch0_q041,ch0,Evaluate lim(x→-2) [(x² + 5x + 6)/(x + 2)],1,-1,0,3,a,medium
ch0_q042,ch0,Evaluate lim(x→4) [(x² - 13x + 36)/(x - 4)],-3,-6,-4,-5,d,medium
ch0_q043,ch0,Evaluate lim(x→-4) [(x² + 13x + 36)/(x + 4)],7,6,5,3,c,medium
ch0_q044,ch0,Evaluate lim(x→3) [(x² - 10x + 21)/(x - 3)],-3,-4,-6,-5,b,medium
ch0_q045,ch0,Evaluate lim(x→3) [(x² - 8x + 15)/(x - 3)],0,-3,-2,-1,c,medium
ch0_q046,ch0,Evaluate lim(x→-1) [(x² - 2x - 3)/(x + 1)],-4,-6,-3,-5,a,medium
ch0_q047,ch0,Evaluate lim(x→4) [(x² - 7x + 12)/(x - 4)],1,0,-1,3,a,medium
ch0_q048,ch0,Evaluate lim(x→4) [(x² - 12x + 32)/(x - 4)],-6,-4,-3,-5,b,medium
ch0_q049,ch0,Evaluate lim(x→-3) [(x² + 10x + 21)/(x + 3)],5,4,3,6,b,medium
ch0_q050,ch0,Evaluate lim(x→3) [(x² - 11x + 24)/(x - 3)],-4,-3,-6,-5,d,medium
ch0_q051,ch0,Evaluate lim(x→3) [(x² - 9x + 18)/(x - 3)],-5,-3,-4,-1,b,medium
ch0_q052,ch0,Evaluate lim(x→2) [(x² - 4)/(x - 2)],6,4,3,5,b,medium
ch0_q053,ch0,Evaluate lim(x→-2) [(x² + 9x + 14)/(x + 2)],7,6,5,3,c,medium
ch0_q054,ch0,Evaluate lim(x→4) [(x² - 11x + 28)/(x - 4)],-1,-4,-3,-5,c,medium
ch0_q055,ch0,Evaluate lim(x→3) [(x² - 7x + 12)/(x - 3)],-1,-3,1,0,a,medium
ch0_q056,ch0,Evaluate lim(x→1) [(x² - 6x + 5)/(x - 1)],-5,-6,-3,-4,d,medium
ch0_q057,ch0,Evaluate lim(x→-3) [(x² + 8x + 15)/(x + 3)],0,1,2,3,c,medium
ch0_q058,ch0,Evaluate lim(x→-5) [(x² + 6x + 5)/(x + 5)],-4,-6,-5,-3,a,medium
ch0_q059,ch0,Evaluate lim(x→6) [(x² - 8x + 12)/(x - 6)],4,5,3,6,a,medium
ch0_q060,ch0,Evaluate lim(x→-4) [(x² + 4x)/(x + 4)],-4,-3,-5,-6,a,medium
ch0_q061,ch0,Evaluate lim(x→6) [(x² - 17x + 66)/(x - 6)],-5,-3,-4,-6,a,medium
ch0_q062,ch0,Evaluate lim(x→-5) [(x² + 7x + 10)/(x + 5)],-1,-3,-5,-4,b,medium
ch0_q063,ch0,Evaluate lim(x→-4) [(x² + 6x + 8)/(x + 4)],-1,-2,-3,0,b,medium
ch0_q064,ch0,Evaluate lim(x→2) [(x² - 8x + 12)/(x - 2)],-4,-5,-3,-6,a,medium
ch0_q065,ch0,Evaluate lim(x→6) [(x² - 7x + 6)/(x - 6)],6,7,3,5,d,medium
ch0_q066,ch0,Evaluate lim(x→1) [(x² - x)/(x - 1)],1,-1,0,3,a,medium
ch0_q067,ch0,Evaluate lim(x→2) [(x² + x - 6)/(x - 2)],3,5,6,7,b,medium
ch0_q068,ch0,Evaluate lim(x→∞) [(4x - 9)/(4x² + x + 3)],4/4,0,∞,4,b,hard
ch0_q069,ch0,"For what value of k is f(x) continuous at x = 4, given f(x) = 2x + 3 for x < 4 and f(x) = k for x ≥ 4?",12,13,10,11,d,hard
ch0_q070,ch0,Evaluate lim(x→0) [sin(4x)/x],8,0,4,1,c,hard
ch0_q071,ch0,Evaluate lim(x→∞) [(2x + 5)/(3x² + x + 3)],0,∞,2,2/3,a,hard
ch0_q072,ch0,Evaluate lim(x→0) [sin(6x)/x],12,0,1,6,d,hard
ch0_q073,ch0,"For what value of k is f(x) continuous at x = -3, given f(x) = 2x + 6 for x < -3 and f(x) = k for x ≥ -3?",1,-1,2,0,d,hard
ch0_q074,ch0,Evaluate lim(x→0) [sin(5x)/x],0,10,5,1,c,hard
ch0_q075,ch0,Evaluate lim(x→∞) [(x² + 9x - 3)/(4x - 1)],0,1,∞ (does not exist as a finite limit),1/4,c,hard
ch0_q076,ch0,Evaluate lim(x→0) [sin(3x)/x],1,0,6,3,d,hard
ch0_q077,ch0,Evaluate lim(x→∞) [(6x² + 3x + 3)/(6x - 3)],0,1,6/6,∞ (does not exist as a finite limit),d,hard
ch0_q078,ch0,Evaluate lim(x→∞) [(5x² - 6x + 9)/(x + 2)],∞ (does not exist as a finite limit),0,5/1,1,a,hard
ch0_q079,ch0,"For what value of k is f(x) continuous at x = 1, given f(x) = 2x + 1 for x < 1 and f(x) = k for x ≥ 1?",4,5,2,3,d,hard
ch0_q080,ch0,"For what value of k is f(x) continuous at x = 3, given f(x) = 3x - 4 for x < 3 and f(x) = k for x ≥ 3?",5,7,4,6,a,hard
ch0_q081,ch0,Evaluate lim(x→∞) [(6x + 9)/(3x² + x - 2)],∞,6/3,6,0,d,hard
ch0_q082,ch0,"For what value of k is f(x) continuous at x = 2, given f(x) = 4x - 6 for x < 2 and f(x) = k for x ≥ 2?",3,2,1,4,b,hard
ch0_q083,ch0,Evaluate lim(x→∞) [(3x² + x - 1)/(3x² - x + 8)],0,1 (v1),∞,1,d,hard
ch0_q084,ch0,Evaluate lim(x→0) [sin(2x)/x],4,2,1,0,b,hard
ch0_q085,ch0,"For what value of k is f(x) continuous at x = 3, given f(x) = 5x + 1 for x < 3 and f(x) = k for x ≥ 3?",15,18,17,16,d,hard
ch0_q086,ch0,"For what value of k is f(x) continuous at x = -1, given f(x) = 4x + 4 for x < -1 and f(x) = k for x ≥ -1?",0,2,1,-1,a,hard
ch0_q087,ch0,Evaluate lim(x→∞) [(5x² + x + 2)/(6x + 5)],∞ (does not exist as a finite limit),1,0,5/6,a,hard
ch0_q088,ch0,Evaluate lim(x→0) [sin(1x)/x],0,1,1 (v1),2,b,hard
ch0_q089,ch0,"For what value of k is f(x) continuous at x = 4, given f(x) = 3x - 3 for x < 4 and f(x) = k for x ≥ 4?",9,10,8,11,a,hard
ch0_q090,ch0,Evaluate lim(x→∞) [(5x² + 7x - 6)/(2x - 2)],1,0,∞ (does not exist as a finite limit),5/2,c,hard
ch0_q091,ch0,"For what value of k is f(x) continuous at x = -2, given f(x) = 4x - 6 for x < -2 and f(x) = k for x ≥ -2?",-15,-13,-12,-14,d,hard
ch0_q092,ch0,"For what value of k is f(x) continuous at x = -2, given f(x) = 5x - 5 for x < -2 and f(x) = k for x ≥ -2?",-14,-13,-16,-15,d,hard
ch0_q093,ch0,Evaluate lim(x→∞) [(4x + 1)/(2x² - 8x - 1)],4,4/2,0,∞,c,hard
ch0_q094,ch0,Evaluate lim(x→∞) [(x + 9)/(6x² - 8x - 5)],0,∞,1/6,1,a,hard
ch0_q095,ch0,Evaluate lim(x→∞) [(5x² - 2x + 7)/(4x + 5)],∞ (does not exist as a finite limit),5/4,0,1,a,hard
ch0_q096,ch0,Evaluate lim(x→∞) [(5x² - 8x - 6)/(2x - 3)],0,∞ (does not exist as a finite limit),1,5/2,b,hard
ch0_q097,ch0,Evaluate lim(x→∞) [(5x² + 6x - 8)/(2x + 5)],0,1,5/2,∞ (does not exist as a finite limit),d,hard
ch0_q098,ch0,Evaluate lim(x→∞) [(5x² - 3x + 4)/(x + 8)],1,∞ (does not exist as a finite limit),5/1,0,b,hard
ch0_q099,ch0,Evaluate lim(x→∞) [(x² - 4x + 9)/(x² + 5x - 6)],1,0,∞,1 (v1),a,hard
ch0_q100,ch0,"For what value of k is f(x) continuous at x = 2, given f(x) = 4x + 2 for x < 2 and f(x) = k for x ≥ 2?",12,10,11,9,b,hard
ch1_q001,ch1,Find d/dx [-9x³ - x² + 9],-27x³ - 2x²,-27x² - 2x,27x² - 2x,-9x² - x,b,easy
ch1_q002,ch1,Find d/dx [-4x³ - x²],-4x² - x,-12x³ - 2x²,-12x² - 2x,-12x² + 2x,c,easy
ch1_q003,ch1,Find d/dx [-4x³ - 6x² + x + 6],-12x³ - 12x² + x,-12x² - 12x + 1,-4x² - 6x + 1,-12x² + 12x + 1,b,easy
ch1_q004,ch1,Find d/dx [3x³ - 6x² + x],3x² - 6x + 1,9x² - 12x + 1,9x³ - 12x² + x,-9x² - 12x + 1,b,easy
ch1_q005,ch1,Find d/dx [6x³ + 5x²],18x³ + 10x²,18x² + 10x,-18x² + 10x,6x² + 5x,b,easy
ch1_q006,ch1,Find d/dx [-2x³ - 9x² - 4x - 9],-6x³ - 18x² - 4x,-2x² - 9x - 4,-6x² - 18x - 4,-6x² - 18x + 4,c,easy
ch1_q007,ch1,Find d/dx [-5x² + 6x],-10x + 6,-10x - 6,-10x² + 6x,-5x + 6,a,easy
ch1_q008,ch1,Find d/dx [7x³ - 3x² + 3x],-21x² - 6x + 3,7x² - 3x + 3,21x³ - 6x² + 3x,21x² - 6x + 3,d,easy
ch1_q009,ch1,Find d/dx [9x³ + 9x² + 6x],27x² + 18x + 6,9x² + 9x + 6,27x³ + 18x² + 6x,27x² - 18x + 6,a,easy
ch1_q010,ch1,Find d/dx [9x³ - 2x² + 3x + 4],27x² - 4x + 3,27x³ - 4x² + 3x,-27x² - 4x + 3,9x² - 2x + 3,a,easy
ch1_q011,ch1,Find d/dx [7x³ - 8x² - 5x],7x² - 8x - 5,21x² + 16x - 5,21x³ - 16x² - 5x,21x² - 16x - 5,d,easy
ch1_q012,ch1,Find d/dx [-7x³ + 6x² - 5x],-21x² + 12x - 5,-21x³ + 12x² - 5x,-21x² - 12x - 5,-7x² + 6x - 5,a,easy
ch1_q013,ch1,Find d/dx [6x³ + x²],6x² + x,18x³ + 2x²,-18x² + 2x,18x² + 2x,d,easy
ch1_q014,ch1,Find d/dx [4x³ - 6x],4x² - 6,12x³ - 6x,12x² - 6,-12x² - 6,c,easy
ch1_q015,ch1,Find d/dx [2x² - 8x - 5],4x² - 8x,4x - 8,2x - 8,-4x - 8,b,easy
ch1_q016,ch1,Find d/dx [-2x³ + 3x + 9],-6x² + 3,-2x² + 3,6x² + 3,-6x³ + 3x,a,easy
ch1_q017,ch1,Find d/dx [-7x³ + 8x² - 4x + 2],-21x² + 16x - 4,-21x³ + 16x² - 4x,-21x² + 16x + 4,-7x² + 8x - 4,a,easy
ch1_q018,ch1,Find d/dx [6x³ + 3x² - 6x + 9],18x² + 6x - 6,18x³ + 6x² - 6x,18x² - 6x - 6,6x² + 3x - 6,a,easy
ch1_q019,ch1,Find d/dx [-x³ - 9x² - 8],-3x² + 18x,-3x³ - 18x²,-3x² - 18x,-x² - 9x,c,easy
ch1_q020,ch1,Find d/dx [-x³ - 5x],3x² - 5,-3x² - 5,-3x³ - 5x,-x² - 5,b,easy
ch1_q021,ch1,Find d/dx [x³ - 4x² + 4x + 8],3x² + 8x + 4,3x³ - 8x² + 4x,3x² - 8x + 4,x² - 4x + 4,c,easy
ch1_q022,ch1,Find d/dx [-7x³ + 5x² - 5x],-21x² + 10x - 5,-21x³ + 10x² - 5x,-7x² + 5x - 5,21x² + 10x - 5,a,easy
ch1_q023,ch1,Find d/dx [-x² + 8x + 2],-2x + 8,-2x² + 8x,-x + 8,-2x - 8,a,easy
ch1_q024,ch1,Find d/dx [6x³ - 9x],18x² + 9,18x² - 9,6x² - 9,18x³ - 9x,b,easy
ch1_q025,ch1,Find d/dx [-6x³ - 5x² - 8x],-18x³ - 10x² - 8x,-6x² - 5x - 8,-18x² - 10x - 8,-18x² + 10x - 8,c,easy
ch1_q026,ch1,Find d/dx [3x³ + 5x + 8],3x² + 5,9x² + 5,9x² - 5,9x³ + 5x,b,easy
ch1_q027,ch1,Find d/dx [-8x³ + 2x² - 3x - 2],-24x² - 4x - 3,-24x³ + 4x² - 3x,-8x² + 2x - 3,-24x² + 4x - 3,d,easy
ch1_q028,ch1,Find d/dx [5x³ - 6x² - 3x - 3],5x² - 6x - 3,15x³ - 12x² - 3x,15x² - 12x + 3,15x² - 12x - 3,d,easy
ch1_q029,ch1,Find d/dx [8x³ - 7x - 3],24x³ - 7x,-24x² - 7,24x² - 7,8x² - 7,c,easy
ch1_q030,ch1,Find d/dx [-6x³ - 9x² - 4x + 2],-18x³ - 18x² - 4x,18x² - 18x - 4,-18x² - 18x - 4,-6x² - 9x - 4,c,easy
ch1_q031,ch1,Find d/dx [-6x³ - 7x² + 7x + 2],-6x² - 7x + 7,-18x² - 14x - 7,-18x³ - 14x² + 7x,-18x² - 14x + 7,d,easy
ch1_q032,ch1,Find d/dx [5x³ - 9x² + 6],15x³ - 18x²,15x² - 18x,5x² - 9x,15x² + 18x,b,easy
ch1_q033,ch1,Find d/dx [-7x³ + x² - 5x - 1],-21x² + 2x - 5,-21x² + 2x + 5,-21x³ + 2x² - 5x,-7x² + x - 5,a,easy
ch1_q034,ch1,Find d/dx [-6x³ + 8x² - 3x - 2],-18x² + 16x - 3,-18x² - 16x - 3,-18x³ + 16x² - 3x,-6x² + 8x - 3,a,easy
ch1_q035,ch1,Find d/dx [(6x - 5)/4],6,3/2,-5/4,24,b,medium
ch1_q036,ch1,Find d/dx [(1x - 6)/5],-6/5,1,5,1/5,d,medium
ch1_q037,ch1,Find d/dx [(5x - 7)(5x + 2)],11x - 25,50x - 14,25x - 25,50x - 25,d,medium
ch1_q038,ch1,Find d/dx [(6x - 7)/4],-7/4,6,24,3/2,d,medium
ch1_q039,ch1,Find d/dx [(6x + 7)(2x - 5)],24x - 16,12x - 16,-23x - 16,24x - 35,a,medium
ch1_q040,ch1,Find d/dx [(3x - 1)(4x - 8)],12x - 28,20x - 28,24x - 28,24x + 8,c,medium
ch1_q041,ch1,Find d/dx [(6x + 1)/2],1/2,6,3,12,c,medium
ch1_q042,ch1,Find d/dx [(2x - 8)(1x + 8)],4x + 8,4x - 64,-62x + 8,2x + 8,a,medium
ch1_q043,ch1,Find d/dx [(3x - 3)/4],-3/4,12,3,3/4,d,medium
ch1_q044,ch1,Find d/dx [(5x - 7)(6x - 6)],60x - 72,72x - 72,30x - 72,60x + 42,a,medium
ch1_q045,ch1,Find d/dx [(5x + 6)/6],6/6,30,5,5/6,d,medium
ch1_q046,ch1,Find d/dx [(3x + 7)(5x + 1)],30x + 7,15x + 38,22x + 38,30x + 38,d,medium
ch1_q047,ch1,Find d/dx [(1x - 2)(3x - 2)],6x - 8,6x + 4,7x - 8,3x - 8,a,medium
ch1_q048,ch1,Find d/dx [(1x - 8)/3],3,1/3,-8/3,1,b,medium
ch1_q049,ch1,Find d/dx [(1x + 4)/5],5,4/5,1,1/5,d,medium
ch1_q050,ch1,Find d/dx [(5x + 5)/5],25,5/5,1,5,c,medium
ch1_q051,ch1,Find d/dx [(3x - 3)(5x + 6)],-3x + 3,15x + 3,30x + 3,30x - 18,c,medium
ch1_q052,ch1,Find d/dx [(2x + 5)(5x + 4)],30x + 33,20x + 20,10x + 33,20x + 33,d,medium
ch1_q053,ch1,Find d/dx [(2x + 2)/6],12,2,2/6,1/3,d,medium
ch1_q054,ch1,Find d/dx [(3x - 4)/3],3,-4/3,1,9,c,medium
ch1_q055,ch1,Find d/dx [(6x - 6)(2x + 7)],24x + 30,12x + 30,24x - 42,-30x + 30,a,medium
ch1_q056,ch1,Find d/dx [(6x + 2)/2],3,6,12,2/2,a,medium
ch1_q057,ch1,Find d/dx [(5x - 7)/2],5/2,-7/2,5,10,a,medium
ch1_q058,ch1,Find d/dx [(1x + 3)(3x - 6)],-15x + 3,3x + 3,6x - 18,6x + 3,d,medium
ch1_q059,ch1,Find d/dx [(5x - 7)/4],5,5/4,20,-7/4,b,medium
ch1_q060,ch1,Find d/dx [(4x - 5)(3x - 6)],42x - 39,24x + 30,24x - 39,12x - 39,c,medium
ch1_q061,ch1,Find d/dx [(4x + 8)/4],1,4,16,8/4,a,medium
ch1_q062,ch1,Find d/dx [(3x - 7)/2],-7/2,3,3/2,6,c,medium
ch1_q063,ch1,Find d/dx [(3x - 4)/6],1/2,3,-4/6,18,a,medium
ch1_q064,ch1,Find d/dx [(2x - 6)/4],2,1/2,8,-6/4,b,medium
ch1_q065,ch1,Find d/dx [(5x + 3)/4],20,3/4,5/4,5,c,medium
ch1_q066,ch1,Find d/dx [(2x - 1)/2],-1/2,2,1,4,c,medium
ch1_q067,ch1,Find d/dx [(5x - 4)/3],-4/3,5,5/3,15,c,medium
ch1_q068,ch1,Find d/dx [x²(4x - 6)],12x² - 6x,12x² - 12x,4x² - 12x,8x² - 6x,b,hard
ch1_q069,ch1,Find d/dx [e^(6x)],6e^(6x),e^(6x),6²e^(6x),6x·e^(6x),a,hard
ch1_q070,ch1,Find d/dx [sin(5x)],cos(5x),5sin(5x),5cos(5x),-5cos(5x),c,hard
ch1_q071,ch1,Find d/dx [e^(5x)],5e^(5x),5²e^(5x),e^(5x),5x·e^(5x),a,hard
ch1_q072,ch1,Find d/dx [sin(2x)],2sin(2x),cos(2x),-2cos(2x),2cos(2x),d,hard
ch1_q073,ch1,Find d/dx [sin(6x)],-6cos(6x),6sin(6x),6cos(6x),cos(6x),c,hard
ch1_q074,ch1,Find d/dx [x²(2x - 5)],6x² - 10x,6x² - 5x,4x² - 5x,2x² - 10x,a,hard
ch1_q075,ch1,Find d/dx [sin(4x)],-4cos(4x),cos(4x),4sin(4x),4cos(4x),d,hard
ch1_q076,ch1,Find d/dx [e^(3x)],3x·e^(3x),3²e^(3x),e^(3x),3e^(3x),d,hard
ch1_q077,ch1,Find d/dx [x²(3x + 6)],6x² + 6x,9x² + 6x,9x² + 12x,3x² + 12x,c,hard
ch1_q078,ch1,Find d/dx [x²(2x + 6)],6x² + 6x,6x² + 12x,2x² + 12x,4x² + 6x,b,hard
ch1_q079,ch1,Find d/dx [cos(1x)],-sin(1x),2-sin(1x),-1sin(1x),1cos(1x),a,hard
ch1_q080,ch1,Find d/dx [sin(3x)],-3cos(3x),3sin(3x),3cos(3x),cos(3x),c,hard
ch1_q081,ch1,Find d/dx [cos(4x)],4cos(4x),-sin(4x),5-sin(4x),-4sin(4x),d,hard
ch1_q082,ch1,Find d/dx [x²(5x - 6)],10x² - 6x,15x² - 12x,15x² - 6x,5x² - 12x,b,hard
ch1_q083,ch1,Find d/dx [cos(5x)],5cos(5x),6-sin(5x),-5sin(5x),-sin(5x),c,hard
ch1_q084,ch1,Find d/dx [x²(3x - 5)],6x² - 5x,9x² - 5x,3x² - 10x,9x² - 10x,d,hard
ch1_q085,ch1,Find d/dx [cos(6x)],7-sin(6x),-sin(6x),-6sin(6x),6cos(6x),c,hard
ch1_q086,ch1,Find d/dx [e^(2x)],e^(2x),2²e^(2x),2e^(2x),2x·e^(2x),c,hard
ch1_q087,ch1,Find d/dx [x²(3x - 4)],6x² - 4x,9x² - 4x,3x² - 8x,9x² - 8x,d,hard
ch1_q088,ch1,Find d/dx [x²(4x + 5)],4x² + 10x,12x² + 10x,12x² + 5x,8x² + 5x,b,hard
ch1_q089,ch1,Find d/dx [e^(4x)],4e^(4x),e^(4x),4x·e^(4x),4²e^(4x),a,hard
ch1_q090,ch1,Find d/dx [x²(2x - 2)],4x² - 2x,2x² - 4x,6x² - 4x,6x² - 2x,c,hard
ch1_q091,ch1,Find d/dx [x²(4x - 5)],4x² - 10x,12x² - 10x,12x² - 5x,8x² - 5x,b,hard
ch1_q092,ch1,Find d/dx [x²(3x - 1)],9x² - x,3x² - 2x,6x² - x,9x² - 2x,d,hard
ch1_q093,ch1,Find d/dx [x²(3x - 2)],9x² - 4x,3x² - 4x,9x² - 2x,6x² - 2x,a,hard
ch1_q094,ch1,Find d/dx [x²(4x - 2)],12x² - 2x,4x² - 4x,8x² - 2x,12x² - 4x,d,hard
ch1_q095,ch1,Find d/dx [x²(2x - 6)],6x² - 12x,4x² - 6x,6x² - 6x,2x² - 12x,a,hard
ch1_q096,ch1,Find d/dx [x²(1x + 3)],3x² + 6x,2x² + 3x,3x² + 3x,x² + 6x,a,hard
ch1_q097,ch1,Find d/dx [x²(2x + 2)],6x² + 4x,4x² + 2x,2x² + 4x,6x² + 2x,a,hard
ch1_q098,ch1,Find d/dx [x²(3x - 3)],3x² - 6x,9x² - 3x,6x² - 3x,9x² - 6x,d,hard
ch1_q099,ch1,Find d/dx [cos(3x)],-sin(3x),-3sin(3x),3cos(3x),4-sin(3x),b,hard
ch1_q100,ch1,Find d/dx [x²(4x - 3)],4x² - 6x,12x² - 3x,8x² - 3x,12x² - 6x,d,hard
ch2_q001,ch2,Find d/dx [(4x - 3)⁵],5(4x - 3)⁴,4(4x - 3)⁴,20(4x - 3)⁵,20(4x - 3)⁴,d,easy
ch2_q002,ch2,Find d/dx [(6x + 3)²],2(6x + 3),12(6x + 3),6(6x + 3),12(6x + 3)²,b,easy
ch2_q003,ch2,Find d/dx [(6x - 3)⁴],4(6x - 3)³,24(6x - 3)⁴,24(6x - 3)³,6(6x - 3)³,c,easy
ch2_q004,ch2,Find d/dx [(2x - 1)⁵],5(2x - 1)⁴,10(2x - 1)⁵,2(2x - 1)⁴,10(2x - 1)⁴,d,easy
ch2_q005,ch2,Find d/dx [(4x - 4)²],2(4x - 4),8(4x - 4)²,4(4x - 4),8(4x - 4),d,easy
ch2_q006,ch2,Find d/dx [(6x + 7)⁵],6(6x + 7)⁴,30(6x + 7)⁴,30(6x + 7)⁵,5(6x + 7)⁴,b,easy
ch2_q007,ch2,Find d/dx [(2x + 2)²],4(2x + 2),4(2x + 2)²,2(2x + 2),4(2x + 2) (v1),a,easy
ch2_q008,ch2,Find d/dx [(2x - 3)³],2(2x - 3)²,6(2x - 3)²,6(2x - 3)³,3(2x - 3)²,b,easy
ch2_q009,ch2,Find d/dx [(x + 8)³],1(x + 8)²,3(x + 8)² (v1),3(x + 8)²,3(x + 8)³,c,easy
ch2_q010,ch2,Find d/dx [(3x - 1)⁴],4(3x - 1)³,3(3x - 1)³,12(3x - 1)³,12(3x - 1)⁴,c,easy
ch2_q011,ch2,Find d/dx [(2x - 4)⁴],2(2x - 4)³,4(2x - 4)³,8(2x - 4)⁴,8(2x - 4)³,d,easy
ch2_q012,ch2,Find d/dx [(5x - 4)³],5(5x - 4)²,15(5x - 4)²,3(5x - 4)²,15(5x - 4)³,b,easy
ch2_q013,ch2,Find d/dx [(x - 6)²],1(x - 6),2(x - 6),2(x - 6) (v1),2(x - 6)²,b,easy
ch2_q014,ch2,Find d/dx [(5x + 5)²],10(5x + 5),5(5x + 5),10(5x + 5)²,2(5x + 5),a,easy
ch2_q015,ch2,Find d/dx [(6x + 1)⁵],30(6x + 1)⁴,5(6x + 1)⁴,30(6x + 1)⁵,6(6x + 1)⁴,a,easy
ch2_q016,ch2,Find d/dx [(3x + 6)²],6(3x + 6)²,3(3x + 6),2(3x + 6),6(3x + 6),d,easy
ch2_q017,ch2,Find d/dx [(4x + 7)⁵],20(4x + 7)⁵,20(4x + 7)⁴,5(4x + 7)⁴,4(4x + 7)⁴,b,easy
ch2_q018,ch2,Find d/dx [(3x + 2)⁴],12(3x + 2)⁴,3(3x + 2)³,12(3x + 2)³,4(3x + 2)³,c,easy
ch2_q019,ch2,Find d/dx [(5x - 5)⁴],20(5x - 5)⁴,20(5x - 5)³,4(5x - 5)³,5(5x - 5)³,b,easy
ch2_q020,ch2,Find d/dx [(3x + 6)³],9(3x + 6)² (v1),9(3x + 6)³,9(3x + 6)²,3(3x + 6)²,c,easy
ch2_q021,ch2,Find d/dx [(3x + 4)⁵],15(3x + 4)⁵,5(3x + 4)⁴,15(3x + 4)⁴,3(3x + 4)⁴,c,easy
ch2_q022,ch2,Find d/dx [(5x + 2)³],15(5x + 2)²,15(5x + 2)³,3(5x + 2)²,5(5x + 2)²,a,easy
ch2_q023,ch2,Find d/dx [(4x + 1)⁵],20(4x + 1)⁵,4(4x + 1)⁴,5(4x + 1)⁴,20(4x + 1)⁴,d,easy
ch2_q024,ch2,Find d/dx [(5x + 6)³],15(5x + 6)²,3(5x + 6)²,15(5x + 6)³,5(5x + 6)²,a,easy
ch2_q025,ch2,Find d/dx [(x - 7)⁴],4(x - 7)³,1(x - 7)³,4(x - 7)⁴,4(x - 7)³ (v1),a,easy
ch2_q026,ch2,Find d/dx [(3x - 8)²],6(3x - 8)²,3(3x - 8),6(3x - 8),2(3x - 8),c,easy
ch2_q027,ch2,Find d/dx [(6x + 3)⁵],5(6x + 3)⁴,6(6x + 3)⁴,30(6x + 3)⁴,30(6x + 3)⁵,c,easy
ch2_q028,ch2,Find d/dx [(x - 2)⁴],4(x - 2)³ (v1),1(x - 2)³,4(x - 2)³,4(x - 2)⁴,c,easy
ch2_q029,ch2,Find d/dx [(5x + 6)⁴],5(5x + 6)³,20(5x + 6)⁴,4(5x + 6)³,20(5x + 6)³,d,easy
ch2_q030,ch2,Find d/dx [(4x + 3)⁴],4(4x + 3)³,16(4x + 3)³ (v1),16(4x + 3)³,16(4x + 3)⁴,c,easy
ch2_q031,ch2,Find d/dx [(5x + 8)⁵],5(5x + 8)⁴,25(5x + 8)⁵,25(5x + 8)⁴ (v1),25(5x + 8)⁴,d,easy
ch2_q032,ch2,Find d/dx [(2x + 2)⁵],2(2x + 2)⁴,10(2x + 2)⁵,10(2x + 2)⁴,5(2x + 2)⁴,c,easy
ch2_q033,ch2,Find d/dx [(3x + 2)³],9(3x + 2)²,3(3x + 2)²,9(3x + 2)³,9(3x + 2)² (v1),a,easy
ch2_q034,ch2,Find d/dx [(5x + 2)⁵],25(5x + 2)⁴ (v1),25(5x + 2)⁴,5(5x + 2)⁴,25(5x + 2)⁵,b,easy
ch2_q035,ch2,"Given x² + y² = 49, find dy/dx using implicit differentiation.",-2x/2y · x,-y/x,x/y,-x/y,d,medium
ch2_q036,ch2,Find d/dx [cos(6x + 1)],36sin(6x + 1),-6sin(6x + 1),6cos(6x + 1),-sin(6x + 1),b,medium
ch2_q037,ch2,"Given x² + y² = 36, find dy/dx using implicit differentiation.",x/y,-y/x,-x/y,-2x/2y · x,c,medium
ch2_q038,ch2,Find d/dx [sin(6x + 5)],6sin(6x + 5),36cos(6x + 5),6cos(6x + 5),cos(6x + 5),c,medium
ch2_q039,ch2,"Given x² + y² = 64, find dy/dx using implicit differentiation.",-y/x,-x/y,-2x/2y · x,x/y,b,medium
ch2_q040,ch2,"Given x² + y² = 100, find dy/dx using implicit differentiation.",x/y,-x/y,-y/x,-2x/2y · x,b,medium
ch2_q041,ch2,Find d/dx [cos(6x - 3)],-6sin(6x - 3),-sin(6x - 3),6cos(6x - 3),36sin(6x - 3),a,medium
ch2_q042,ch2,Find d/dx [cos(4x + 2)],-4sin(4x + 2),4cos(4x + 2),16sin(4x + 2),-sin(4x + 2),a,medium
ch2_q043,ch2,Find d/dx [cos(5x - 1)],-5sin(5x - 1),-sin(5x - 1),25sin(5x - 1),5cos(5x - 1),a,medium
ch2_q044,ch2,"Given x² + y² = 25, find dy/dx using implicit differentiation.",-x/y,-y/x,x/y,-2x/2y · x,a,medium
ch2_q045,ch2,Find d/dx [cos(4x - 6)],16sin(4x - 6),4cos(4x - 6),-sin(4x - 6),-4sin(4x - 6),d,medium
ch2_q046,ch2,Find d/dx [cos(3x + 2)],-sin(3x + 2),9sin(3x + 2),-3sin(3x + 2),3cos(3x + 2),c,medium
ch2_q047,ch2,Find d/dx [sin(3x - 6)],9cos(3x - 6),3sin(3x - 6),3cos(3x - 6),cos(3x - 6),c,medium
ch2_q048,ch2,Find d/dx [sin(2x + 2)],2cos(2x + 2),cos(2x + 2),2sin(2x + 2),4cos(2x + 2),a,medium
ch2_q049,ch2,Find d/dx [sin(6x - 3)],6sin(6x - 3),6cos(6x - 3),36cos(6x - 3),cos(6x - 3),b,medium
ch2_q050,ch2,Find d/dx [cos(5x + 6)],-5sin(5x + 6),25sin(5x + 6),5cos(5x + 6),-sin(5x + 6),a,medium
ch2_q051,ch2,Find d/dx [sin(2x - 2)],2cos(2x - 2),4cos(2x - 2),cos(2x - 2),2sin(2x - 2),a,medium
ch2_q052,ch2,Find d/dx [sin(2x - 1)],2cos(2x - 1),cos(2x - 1),2sin(2x - 1),4cos(2x - 1),a,medium
ch2_q053,ch2,Find d/dx [cos(2x + 5)],-sin(2x + 5),-2sin(2x + 5),4sin(2x + 5),2cos(2x + 5),b,medium
ch2_q054,ch2,Find d/dx [cos(6x + 4)],-6sin(6x + 4),-sin(6x + 4),6cos(6x + 4),36sin(6x + 4),a,medium
ch2_q055,ch2,Find d/dx [sin(5x + 4)],5sin(5x + 4),25cos(5x + 4),5cos(5x + 4),cos(5x + 4),c,medium
ch2_q056,ch2,Find d/dx [cos(4x - 3)],-4sin(4x - 3),16sin(4x - 3),-sin(4x - 3),4cos(4x - 3),a,medium
ch2_q057,ch2,Find d/dx [cos(4x + 4)],16sin(4x + 4),4cos(4x + 4),-4sin(4x + 4),-sin(4x + 4),c,medium
ch2_q058,ch2,Find d/dx [cos(5x + 4)],25sin(5x + 4),-sin(5x + 4),5cos(5x + 4),-5sin(5x + 4),d,medium
ch2_q059,ch2,Find d/dx [cos(3x - 4)],-3sin(3x - 4),3cos(3x - 4),9sin(3x - 4),-sin(3x - 4),a,medium
ch2_q060,ch2,Find d/dx [sin(3x + 4)],3cos(3x + 4),cos(3x + 4),3sin(3x + 4),9cos(3x + 4),a,medium
ch2_q061,ch2,Find d/dx [sin(6x - 5)],36cos(6x - 5),6cos(6x - 5),6sin(6x - 5),cos(6x - 5),b,medium
ch2_q062,ch2,Find d/dx [cos(3x + 5)],9sin(3x + 5),-sin(3x + 5),3cos(3x + 5),-3sin(3x + 5),d,medium
ch2_q063,ch2,Find d/dx [cos(5x - 4)],-sin(5x - 4),-5sin(5x - 4),5cos(5x - 4),25sin(5x - 4),b,medium
ch2_q064,ch2,Find d/dx [sin(5x - 2)],25cos(5x - 2),5cos(5x - 2),5sin(5x - 2),cos(5x - 2),b,medium
ch2_q065,ch2,Find d/dx [sin(5x - 1)],5sin(5x - 1),cos(5x - 1),25cos(5x - 1),5cos(5x - 1),d,medium
ch2_q066,ch2,Find d/dx [sin(4x - 4)],4cos(4x - 4),4sin(4x - 4),cos(4x - 4),16cos(4x - 4),a,medium
ch2_q067,ch2,Find d/dx [sin(4x - 5)],cos(4x - 5),4cos(4x - 5),4sin(4x - 5),16cos(4x - 5),b,medium
ch2_q068,ch2,"Given 1x² + 1y = 24, find dy/dx.",-2x,-1x/1,2x/1,-2x²,a,hard
ch2_q069,ch2,Find d/dx [sin((2x - 2)²)],4(2x - 2)sin((2x - 2)²),4(2x - 2)cos((2x - 2)²),cos((2x - 2)²),2(2x - 2)cos((2x - 2)²),b,hard
ch2_q070,ch2,Find d/dx [sin((2x - 4)²)],2(2x - 4)cos((2x - 4)²),cos((2x - 4)²),4(2x - 4)sin((2x - 4)²),4(2x - 4)cos((2x - 4)²),d,hard
ch2_q071,ch2,"Given 2x² + 2y = 9, find dy/dx.",-2x/2,-2x²,4x/2,-2x,d,hard
ch2_q072,ch2,Find d/dx [sin((x - 2)²)],1(x - 2)cos((x - 2)²),2(x - 2)sin((x - 2)²),cos((x - 2)²),2(x - 2)cos((x - 2)²),d,hard
ch2_q073,ch2,"Given 5x² + 2y = 8, find dy/dx.",-5x,-5x²,10x/2,-5x/2,a,hard
ch2_q074,ch2,"Given 5x² + 3y = 25, find dy/dx.",10x/3,-10x/3,-10x²/3,-5x/3,b,hard
ch2_q075,ch2,"Given 4x² + 3y = 22, find dy/dx.",-4x/3,-8x²/3,8x/3,-8x/3,d,hard
ch2_q076,ch2,Find d/dx [sin((4x - 5)²)],8(4x - 5)cos((4x - 5)²),cos((4x - 5)²),4(4x - 5)cos((4x - 5)²),8(4x - 5)sin((4x - 5)²),a,hard
ch2_q077,ch2,Find d/dx [sin((4x + 1)²)],8(4x + 1)cos((4x + 1)²),8(4x + 1)sin((4x + 1)²),4(4x + 1)cos((4x + 1)²),cos((4x + 1)²),a,hard
ch2_q078,ch2,"Given 5x² + 4y = 20, find dy/dx.",10x/4,-5x/2,-5x²/2,-5x/4,b,hard
ch2_q079,ch2,Find d/dx [sin((x + 3)²)],2(x + 3)sin((x + 3)²),2(x + 3)cos((x + 3)²),cos((x + 3)²),1(x + 3)cos((x + 3)²),b,hard
ch2_q080,ch2,Find d/dx [sin((2x - 1)²)],4(2x - 1)sin((2x - 1)²),4(2x - 1)cos((2x - 1)²),2(2x - 1)cos((2x - 1)²),cos((2x - 1)²),b,hard
ch2_q081,ch2,Find d/dx [sin((3x - 4)²)],6(3x - 4)sin((3x - 4)²),3(3x - 4)cos((3x - 4)²),6(3x - 4)cos((3x - 4)²),cos((3x - 4)²),c,hard
ch2_q082,ch2,Find d/dx [sin((x - 4)²)],1(x - 4)cos((x - 4)²),2(x - 4)cos((x - 4)²),2(x - 4)sin((x - 4)²),cos((x - 4)²),b,hard
ch2_q083,ch2,"Given 2x² + 2y = 12, find dy/dx.",-2x/2,4x/2,-2x,-2x²,c,hard
ch2_q084,ch2,Find d/dx [sin((2x + 3)²)],4(2x + 3)cos((2x + 3)²),2(2x + 3)cos((2x + 3)²),cos((2x + 3)²),4(2x + 3)sin((2x + 3)²),a,hard
ch2_q085,ch2,Find d/dx [sin((3x - 1)²)],6(3x - 1)cos((3x - 1)²),3(3x - 1)cos((3x - 1)²),cos((3x - 1)²),6(3x - 1)sin((3x - 1)²),a,hard
ch2_q086,ch2,Find d/dx [sin((x + 2)²)],1(x + 2)cos((x + 2)²),cos((x + 2)²),2(x + 2)cos((x + 2)²),2(x + 2)sin((x + 2)²),c,hard
ch2_q087,ch2,"Given 2x² + 1y = 21, find dy/dx.",4x/1,-4x,-2x/1,-4x²,b,hard
ch2_q088,ch2,"Given 3x² + 2y = 29, find dy/dx.",-3x,6x/2,-3x²,-3x/2,a,hard
ch2_q089,ch2,Find d/dx [sin((4x + 5)²)],8(4x + 5)sin((4x + 5)²),8(4x + 5)cos((4x + 5)²),cos((4x + 5)²),4(4x + 5)cos((4x + 5)²),b,hard
ch2_q090,ch2,Find d/dx [sin((2x - 3)²)],cos((2x - 3)²),4(2x - 3)sin((2x - 3)²),4(2x - 3)cos((2x - 3)²),2(2x - 3)cos((2x - 3)²),c,hard
ch2_q091,ch2,"Given 1x² + 6y = 8, find dy/dx.",2x/6,-1x²/3,-1x/6,-1x/3,d,hard
ch2_q092,ch2,"Given 1x² + 6y = 14, find dy/dx.",2x/6,-1x/6,-1x²/3,-1x/3,d,hard
ch2_q093,ch2,Find d/dx [sin((x + 4)²)],2(x + 4)cos((x + 4)²),cos((x + 4)²),2(x + 4)sin((x + 4)²),1(x + 4)cos((x + 4)²),a,hard
ch2_q094,ch2,"Given 1x² + 5y = 40, find dy/dx.",-1x/5,2x/5,-2x/5,-2x²/5,c,hard
ch2_q095,ch2,Find d/dx [sin((3x - 5)²)],cos((3x - 5)²),6(3x - 5)sin((3x - 5)²),6(3x - 5)cos((3x - 5)²),3(3x - 5)cos((3x - 5)²),c,hard
ch2_q096,ch2,"Given 5x² + 2y = 20, find dy/dx.",-5x,-5x²,10x/2,-5x/2,a,hard
ch2_q097,ch2,Find d/dx [sin((3x + 1)²)],3(3x + 1)cos((3x + 1)²),6(3x + 1)sin((3x + 1)²),cos((3x + 1)²),6(3x + 1)cos((3x + 1)²),d,hard
ch2_q098,ch2,Find d/dx [sin((x + 5)²)],2(x + 5)sin((x + 5)²),cos((x + 5)²),1(x + 5)cos((x + 5)²),2(x + 5)cos((x + 5)²),d,hard
ch2_q099,ch2,Find d/dx [sin((4x + 3)²)],cos((4x + 3)²),8(4x + 3)sin((4x + 3)²),8(4x + 3)cos((4x + 3)²),4(4x + 3)cos((4x + 3)²),c,hard
ch2_q100,ch2,"Given 1x² + 4y = 32, find dy/dx.",-1x/4,-1x/2,-1x²/2,2x/4,b,hard
ch3_q001,ch3,An object's position is s(t) = 2t² - 7t - 1 (meters). Find its velocity at t = 1.,-5 m/s,-3 m/s,1 m/s,-1 m/s,b,easy
ch3_q002,ch3,An object's position is s(t) = -5t² - 7t - 3 (meters). Find its velocity at t = 2.,-23 m/s,-29 m/s,-25 m/s,-27 m/s,d,easy
ch3_q003,ch3,An object's position is s(t) = 6t² + 4t - 6 (meters). Find its velocity at t = 2.,32 m/s,28 m/s,26 m/s,30 m/s,b,easy
ch3_q004,ch3,An object's position is s(t) = 3t² + 4t + 2 (meters). Find its velocity at t = 3.,24 m/s,22 m/s,26 m/s,20 m/s,b,easy
ch3_q005,ch3,An object's position is s(t) = 2t² + 3t - 7 (meters). Find its velocity at t = 3.,13 m/s,17 m/s,15 m/s,19 m/s,c,easy
ch3_q006,ch3,An object's position is s(t) = 3t² + 4t + 2 (meters). Find its velocity at t = 5.,34 m/s,32 m/s,38 m/s,36 m/s,a,easy
ch3_q007,ch3,An object's position is s(t) = -3t² + 3t + 4 (meters). Find its velocity at t = 3.,-15 m/s,-17 m/s,-13 m/s,-11 m/s,a,easy
ch3_q008,ch3,An object's position is s(t) = -5t² + t - 1 (meters). Find its velocity at t = 5.,-47 m/s,-51 m/s,-45 m/s,-49 m/s,d,easy
ch3_q009,ch3,An object's position is s(t) = -4t² + 4t - 4 (meters). Find its velocity at t = 5.,-36 m/s,-32 m/s,-38 m/s,-34 m/s,a,easy
ch3_q010,ch3,An object's position is s(t) = -5t² - 6t - 8 (meters). Find its velocity at t = 2.,-26 m/s,-28 m/s,-22 m/s,-24 m/s,a,easy
ch3_q011,ch3,An object's position is s(t) = -5t² - 4t - 6 (meters). Find its velocity at t = 1.,-14 m/s,-16 m/s,-10 m/s,-12 m/s,a,easy
ch3_q012,ch3,An object's position is s(t) = -5t² - 8t - 6 (meters). Find its velocity at t = 2.,-24 m/s,-30 m/s,-26 m/s,-28 m/s,d,easy
ch3_q013,ch3,An object's position is s(t) = -6t² + t + 5 (meters). Find its velocity at t = 3.,-31 m/s,-33 m/s,-37 m/s,-35 m/s,d,easy
ch3_q014,ch3,An object's position is s(t) = 3t² + 8t - 3 (meters). Find its velocity at t = 5.,40 m/s,36 m/s,38 m/s,42 m/s,c,easy
ch3_q015,ch3,An object's position is s(t) = -2t² + t + 7 (meters). Find its velocity at t = 1.,-5 m/s,1 m/s,-1 m/s,-3 m/s,d,easy
ch3_q016,ch3,An object's position is s(t) = -2t² + 5t + 1 (meters). Find its velocity at t = 3.,-9 m/s,-3 m/s,-5 m/s,-7 m/s,d,easy
ch3_q017,ch3,An object's position is s(t) = -3t² + 7t - 2 (meters). Find its velocity at t = 3.,-13 m/s,-7 m/s,-9 m/s,-11 m/s,d,easy
ch3_q018,ch3,An object's position is s(t) = -6t² + 4t + 2 (meters). Find its velocity at t = 4.,-44 m/s,-40 m/s,-46 m/s,-42 m/s,a,easy
ch3_q019,ch3,An object's position is s(t) = -t² + 5t - 4 (meters). Find its velocity at t = 2.,3 m/s,1 m/s,-1 m/s,5 m/s,b,easy
ch3_q020,ch3,An object's position is s(t) = t² + 2t - 3 (meters). Find its velocity at t = 3.,8 m/s,12 m/s,10 m/s,6 m/s,a,easy
ch3_q021,ch3,An object's position is s(t) = 3t² - t + 2 (meters). Find its velocity at t = 3.,17 m/s,19 m/s,21 m/s,15 m/s,a,easy
ch3_q022,ch3,An object's position is s(t) = -5t² - 2t - 3 (meters). Find its velocity at t = 5.,-54 m/s,-48 m/s,-50 m/s,-52 m/s,d,easy
ch3_q023,ch3,An object's position is s(t) = 5t² - 2t + 6 (meters). Find its velocity at t = 2.,16 m/s,22 m/s,20 m/s,18 m/s,d,easy
ch3_q024,ch3,An object's position is s(t) = -4t² + t - 1 (meters). Find its velocity at t = 2.,-15 m/s,-17 m/s,-13 m/s,-11 m/s,a,easy
ch3_q025,ch3,An object's position is s(t) = 6t² + 4t - 6 (meters). Find its velocity at t = 3.,40 m/s,44 m/s,38 m/s,42 m/s,a,easy
ch3_q026,ch3,An object's position is s(t) = 2t² + 8t + 5 (meters). Find its velocity at t = 4.,22 m/s,28 m/s,26 m/s,24 m/s,d,easy
ch3_q027,ch3,An object's position is s(t) = -5t² - t + 3 (meters). Find its velocity at t = 1.,-9 m/s,-7 m/s,-13 m/s,-11 m/s,d,easy
ch3_q028,ch3,An object's position is s(t) = 6t² + 2t + 5 (meters). Find its velocity at t = 2.,28 m/s,26 m/s,24 m/s,30 m/s,b,easy
ch3_q029,ch3,An object's position is s(t) = t² + 3t + 4 (meters). Find its velocity at t = 3.,7 m/s,9 m/s,13 m/s,11 m/s,b,easy
ch3_q030,ch3,An object's position is s(t) = t² - 5t + 1 (meters). Find its velocity at t = 3.,3 m/s,5 m/s,-1 m/s,1 m/s,d,easy
ch3_q031,ch3,An object's position is s(t) = -t² + t + 2 (meters). Find its velocity at t = 3.,-5 m/s,-1 m/s,-7 m/s,-3 m/s,a,easy
ch3_q032,ch3,An object's position is s(t) = -t² + 7t - 5 (meters). Find its velocity at t = 3.,5 m/s,1 m/s,3 m/s,-1 m/s,b,easy
ch3_q033,ch3,An object's position is s(t) = -2t² - 7t - 5 (meters). Find its velocity at t = 2.,-11 m/s,-17 m/s,-13 m/s,-15 m/s,d,easy
ch3_q034,ch3,An object's position is s(t) = 5t² - t + 8 (meters). Find its velocity at t = 1.,9 m/s,7 m/s,13 m/s,11 m/s,a,easy
ch3_q035,ch3,"A circle's radius is growing at dr/dt = 4 cm/s. When r = 5 cm, find dA/dt (the rate the area is changing).",42π cm²/s,44π cm²/s,40π cm²/s,20π cm²/s,c,medium
ch3_q036,ch3,"A circle's radius is growing at dr/dt = 5 cm/s. When r = 2 cm, find dA/dt (the rate the area is changing).",20π cm²/s,22π cm²/s,24π cm²/s,10π cm²/s,a,medium
ch3_q037,ch3,"A circle's radius is growing at dr/dt = 2 cm/s. When r = 2 cm, find dA/dt (the rate the area is changing).",4π cm²/s,8π cm²/s,12π cm²/s,10π cm²/s,b,medium
ch3_q038,ch3,"Given f(t) = 2t² - 3t + 1, find the average rate of change of f on [2, 5].",10,12,13,11,d,medium
ch3_q039,ch3,"A circle's radius is growing at dr/dt = 5 cm/s. When r = 8 cm, find dA/dt (the rate the area is changing).",40π cm²/s,80π cm²/s,82π cm²/s,84π cm²/s,b,medium
ch3_q040,ch3,"A circle's radius is growing at dr/dt = 4 cm/s. When r = 7 cm, find dA/dt (the rate the area is changing).",56π cm²/s,60π cm²/s,28π cm²/s,58π cm²/s,a,medium
ch3_q041,ch3,"Given f(t) = 2t² - 3t - 2, find the average rate of change of f on [0, 2].",3,0,2,1,d,medium
ch3_q042,ch3,"Given f(t) = 4t² - 4t + 3, find the average rate of change of f on [3, 4].",23,24,26,25,b,medium
ch3_q043,ch3,"A circle's radius is growing at dr/dt = 2 cm/s. When r = 10 cm, find dA/dt (the rate the area is changing).",40π cm²/s,42π cm²/s,44π cm²/s,20π cm²/s,a,medium
ch3_q044,ch3,"Given f(t) = 2t² + 3t - 6, find the average rate of change of f on [2, 3].",14,15,13,12,c,medium
ch3_q045,ch3,"Given f(t) = 2t² + 2t + 4, find the average rate of change of f on [3, 4].",16,15,18,17,a,medium
ch3_q046,ch3,"A circle's radius is growing at dr/dt = 4 cm/s. When r = 9 cm, find dA/dt (the rate the area is changing).",76π cm²/s,36π cm²/s,72π cm²/s,74π cm²/s,c,medium
ch3_q047,ch3,"Given f(t) = 3t² - 3t + 2, find the average rate of change of f on [0, 2].",4,2,3,5,c,medium
ch3_q048,ch3,"A circle's radius is growing at dr/dt = 5 cm/s. When r = 10 cm, find dA/dt (the rate the area is changing).",50π cm²/s,104π cm²/s,102π cm²/s,100π cm²/s,d,medium
ch3_q049,ch3,"A circle's radius is growing at dr/dt = 3 cm/s. When r = 10 cm, find dA/dt (the rate the area is changing).",64π cm²/s,30π cm²/s,62π cm²/s,60π cm²/s,d,medium
ch3_q050,ch3,"Given f(t) = 4t² - 2t - 6, find the average rate of change of f on [0, 1].",2,3,1,4,a,medium
ch3_q051,ch3,"Given f(t) = 4t² - 3t + 6, find the average rate of change of f on [0, 1].",1,0,2,3,a,medium
ch3_q052,ch3,"Given f(t) = 2t² + 6t - 6, find the average rate of change of f on [1, 5].",18,20,19,17,a,medium
ch3_q053,ch3,"Given f(t) = 3t² - 2t + 3, find the average rate of change of f on [2, 5].",18,19,20,21,b,medium
ch3_q054,ch3,"Given f(t) = 4t² + 4t - 4, find the average rate of change of f on [0, 2].",14,11,12,13,c,medium
ch3_q055,ch3,"A circle's radius is growing at dr/dt = 5 cm/s. When r = 4 cm, find dA/dt (the rate the area is changing).",40π cm²/s,20π cm²/s,44π cm²/s,42π cm²/s,a,medium
ch3_q056,ch3,"A circle's radius is growing at dr/dt = 1 cm/s. When r = 9 cm, find dA/dt (the rate the area is changing).",22π cm²/s,9π cm²/s,20π cm²/s,18π cm²/s,d,medium
ch3_q057,ch3,"A circle's radius is growing at dr/dt = 1 cm/s. When r = 2 cm, find dA/dt (the rate the area is changing).",4π cm²/s,6π cm²/s,2π cm²/s,8π cm²/s,a,medium
ch3_q058,ch3,"Given f(t) = 4t² - 3t + 1, find the average rate of change of f on [1, 3].",13,14,15,12,a,medium
ch3_q059,ch3,"Given f(t) = 4t² - 6t - 5, find the average rate of change of f on [0, 2].",1,3,2,4,c,medium
ch3_q060,ch3,"Given f(t) = 4t² - 3t + 5, find the average rate of change of f on [0, 3].",9,10,8,11,a,medium
ch3_q061,ch3,"Given f(t) = 3t² - 2t - 5, find the average rate of change of f on [0, 2].",5,4,6,3,b,medium
ch3_q062,ch3,"Given f(t) = 4t² + 5t + 5, find the average rate of change of f on [2, 5].",35,33,32,34,b,medium
ch3_q063,ch3,"Given f(t) = t² - 5t - 4, find the average rate of change of f on [1, 3].",-1,-2,1,0,a,medium
ch3_q064,ch3,"Given f(t) = t² - 5t + 5, find the average rate of change of f on [2, 5].",3,2,4,1,b,medium
ch3_q065,ch3,"Given f(t) = 4t² - 5t - 1, find the average rate of change of f on [0, 5].",14,15,16,17,b,medium
ch3_q066,ch3,"A circle's radius is growing at dr/dt = 2 cm/s. When r = 4 cm, find dA/dt (the rate the area is changing).",18π cm²/s,20π cm²/s,8π cm²/s,16π cm²/s,d,medium
ch3_q067,ch3,"Given f(t) = 4t² + 4t + 5, find the average rate of change of f on [1, 2].",16,15,17,18,a,medium
ch3_q068,ch3,A 10-ft ladder slides down a wall. The base moves away from the wall at 2 ft/s. Find dh/dt (rate the top is falling) when the base is 6 ft from the wall.,12/8 ft/s,2 ft/s,3/2 ft/s,-3/2 ft/s,d,hard
ch3_q069,ch3,A cube's side length is increasing at dx/dt = 3 cm/s. Find dV/dt when x = 5 cm (V = x³).,75 cm³/s,222 cm³/s,225 cm³/s,228 cm³/s,c,hard
ch3_q070,ch3,Velocity is v(t) = -4t² - 3t + 2 (m/s). Find the acceleration a(t) at t = 4.,-36 m/s²,-35 m/s²,-32 m/s²,-34 m/s²,b,hard
ch3_q071,ch3,Velocity is v(t) = -t² - 3t + 2 (m/s). Find the acceleration a(t) at t = 4.,-11 m/s²,-10 m/s²,-12 m/s²,-8 m/s²,a,hard
ch3_q072,ch3,A cube's side length is increasing at dx/dt = 1 cm/s. Find dV/dt when x = 7 cm (V = x³).,147 cm³/s,49 cm³/s,144 cm³/s,150 cm³/s,a,hard
ch3_q073,ch3,A 13-ft ladder slides down a wall. The base moves away from the wall at 1 ft/s. Find dh/dt (rate the top is falling) when the base is 12 ft from the wall.,5 ft/s,12/5 ft/s,1 ft/s,-12/5 ft/s,d,hard
ch3_q074,ch3,A 17-ft ladder slides down a wall. The base moves away from the wall at 3 ft/s. Find dh/dt (rate the top is falling) when the base is 15 ft from the wall.,3 ft/s,-45/8 ft/s,8 ft/s,45/8 ft/s,b,hard
ch3_q075,ch3,A 25-ft ladder slides down a wall. The base moves away from the wall at 1 ft/s. Find dh/dt (rate the top is falling) when the base is 7 ft from the wall.,1 ft/s,24 ft/s,-7/24 ft/s,7/24 ft/s,c,hard
ch3_q076,ch3,A 17-ft ladder slides down a wall. The base moves away from the wall at 4 ft/s. Find dh/dt (rate the top is falling) when the base is 15 ft from the wall.,-15/2 ft/s,60/8 ft/s,4 ft/s,15/2 ft/s,a,hard
ch3_q077,ch3,A 25-ft ladder slides down a wall. The base moves away from the wall at 3 ft/s. Find dh/dt (rate the top is falling) when the base is 15 ft from the wall.,9/4 ft/s,3 ft/s,45/20 ft/s,-9/4 ft/s,d,hard
ch3_q078,ch3,Velocity is v(t) = -2t² + 6t - 4 (m/s). Find the acceleration a(t) at t = 4.,-9 m/s²,-10 m/s²,-11 m/s²,-7 m/s²,b,hard
ch3_q079,ch3,A cube's side length is increasing at dx/dt = 4 cm/s. Find dV/dt when x = 7 cm (V = x³).,585 cm³/s,196 cm³/s,588 cm³/s,591 cm³/s,c,hard
ch3_q080,ch3,A 17-ft ladder slides down a wall. The base moves away from the wall at 4 ft/s. Find dh/dt (rate the top is falling) when the base is 8 ft from the wall.,32/15 ft/s,15 ft/s,4 ft/s,-32/15 ft/s,d,hard
ch3_q081,ch3,A 10-ft ladder slides down a wall. The base moves away from the wall at 1 ft/s. Find dh/dt (rate the top is falling) when the base is 6 ft from the wall.,-3/4 ft/s,3/4 ft/s,6/8 ft/s,1 ft/s,a,hard
ch3_q082,ch3,Velocity is v(t) = 3t² + 6t + 5 (m/s). Find the acceleration a(t) at t = 2.,21 m/s²,18 m/s²,19 m/s²,17 m/s²,b,hard
ch3_q083,ch3,Velocity is v(t) = -t² + 5t - 5 (m/s). Find the acceleration a(t) at t = 2.,0 m/s²,1 m/s²,4 m/s²,2 m/s²,b,hard
ch3_q084,ch3,A 17-ft ladder slides down a wall. The base moves away from the wall at 3 ft/s. Find dh/dt (rate the top is falling) when the base is 8 ft from the wall.,8/5 ft/s,-8/5 ft/s,3 ft/s,24/15 ft/s,b,hard
ch3_q085,ch3,Velocity is v(t) = 5t² + 5t - 5 (m/s). Find the acceleration a(t) at t = 1.,18 m/s²,14 m/s²,16 m/s²,15 m/s²,d,hard
ch3_q086,ch3,A 10-ft ladder slides down a wall. The base moves away from the wall at 3 ft/s. Find dh/dt (rate the top is falling) when the base is 8 ft from the wall.,24/6 ft/s,4 ft/s,-4 ft/s,3 ft/s,c,hard
ch3_q087,ch3,A 25-ft ladder slides down a wall. The base moves away from the wall at 2 ft/s. Find dh/dt (rate the top is falling) when the base is 24 ft from the wall.,7 ft/s,2 ft/s,-48/7 ft/s,48/7 ft/s,c,hard
ch3_q088,ch3,Velocity is v(t) = -t² - 5t + 3 (m/s). Find the acceleration a(t) at t = 2.,-8 m/s²,-10 m/s²,-6 m/s²,-9 m/s²,d,hard
ch3_q089,ch3,A 13-ft ladder slides down a wall. The base moves away from the wall at 4 ft/s. Find dh/dt (rate the top is falling) when the base is 5 ft from the wall.,5/3 ft/s,4 ft/s,20/12 ft/s,-5/3 ft/s,d,hard
ch3_q090,ch3,A cube's side length is increasing at dx/dt = 1 cm/s. Find dV/dt when x = 4 cm (V = x³).,16 cm³/s,51 cm³/s,48 cm³/s,45 cm³/s,c,hard
ch3_q091,ch3,A 15-ft ladder slides down a wall. The base moves away from the wall at 2 ft/s. Find dh/dt (rate the top is falling) when the base is 12 ft from the wall.,-8/3 ft/s,24/9 ft/s,8/3 ft/s,2 ft/s,a,hard
ch3_q092,ch3,A 25-ft ladder slides down a wall. The base moves away from the wall at 2 ft/s. Find dh/dt (rate the top is falling) when the base is 15 ft from the wall.,3/2 ft/s,30/20 ft/s,2 ft/s,-3/2 ft/s,d,hard
ch3_q093,ch3,A 25-ft ladder slides down a wall. The base moves away from the wall at 1 ft/s. Find dh/dt (rate the top is falling) when the base is 20 ft from the wall.,4/3 ft/s,1 ft/s,-4/3 ft/s,20/15 ft/s,c,hard
ch3_q094,ch3,Velocity is v(t) = -t² - 5t - 3 (m/s). Find the acceleration a(t) at t = 4.,-13 m/s²,-14 m/s²,-10 m/s²,-12 m/s²,a,hard
ch3_q095,ch3,A 13-ft ladder slides down a wall. The base moves away from the wall at 3 ft/s. Find dh/dt (rate the top is falling) when the base is 12 ft from the wall.,3 ft/s,-36/5 ft/s,36/5 ft/s,5 ft/s,b,hard
ch3_q096,ch3,Velocity is v(t) = -4t² + 2t - 4 (m/s). Find the acceleration a(t) at t = 3.,-23 m/s²,-21 m/s²,-19 m/s²,-22 m/s²,d,hard
ch3_q097,ch3,A cube's side length is increasing at dx/dt = 2 cm/s. Find dV/dt when x = 7 cm (V = x³).,294 cm³/s,98 cm³/s,291 cm³/s,297 cm³/s,a,hard
ch3_q098,ch3,A cube's side length is increasing at dx/dt = 4 cm/s. Find dV/dt when x = 8 cm (V = x³).,768 cm³/s,765 cm³/s,771 cm³/s,256 cm³/s,a,hard
ch3_q099,ch3,A cube's side length is increasing at dx/dt = 1 cm/s. Find dV/dt when x = 3 cm (V = x³).,24 cm³/s,9 cm³/s,27 cm³/s,30 cm³/s,c,hard
ch3_q100,ch3,A 10-ft ladder slides down a wall. The base moves away from the wall at 4 ft/s. Find dh/dt (rate the top is falling) when the base is 6 ft from the wall.,-3 ft/s,24/8 ft/s,4 ft/s,3 ft/s,a,hard
ch4_q001,ch4,Find the x-coordinate of the critical point of f(x) = x² + 8x + 3.,-4,-3,-2,-5,a,easy
ch4_q002,ch4,Find the x-coordinate of the critical point of f(x) = 4x² - 2x - 5.,3,0,2,1/4,d,easy
ch4_q003,ch4,Find the x-coordinate of the critical point of f(x) = 5x² - 8x - 2.,5,6,4/5,3,c,easy
ch4_q004,ch4,Find the x-coordinate of the critical point of f(x) = 2x² + 2x + 4.,-2,0,1,-1/2,d,easy
ch4_q005,ch4,Find the x-coordinate of the critical point of f(x) = 3x² - 4x - 8.,3,2/3,1,4,b,easy
ch4_q006,ch4,Find the x-coordinate of the critical point of f(x) = x² + 4x - 5.,-1,-3,-2,0,c,easy
ch4_q007,ch4,Find the x-coordinate of the critical point of f(x) = x² - 2x - 4.,1,3,2,0,a,easy
ch4_q008,ch4,Find the x-coordinate of the critical point of f(x) = x² + 8x - 6.,-5,-3,-2,-4,d,easy
ch4_q009,ch4,Find the x-coordinate of the critical point of f(x) = 4x² - 6x - 6.,2,4,3/4,5,c,easy
ch4_q010,ch4,Find the x-coordinate of the critical point of f(x) = 4x² - 8x - 3.,1,0,3,2,a,easy
ch4_q011,ch4,Find the x-coordinate of the critical point of f(x) = 4x² - 10x + 4.,6,7,5/4,4,c,easy
ch4_q012,ch4,Find the x-coordinate of the critical point of f(x) = 2x² - 4x + 6.,2,3,1,0,c,easy
ch4_q013,ch4,Find the x-coordinate of the critical point of f(x) = 3x² + 6x + 5.,0,1,-1,-2,c,easy
ch4_q014,ch4,Find the x-coordinate of the critical point of f(x) = 3x² + 2x - 4.,0,1,-1/3,-2,c,easy
ch4_q015,ch4,Find the x-coordinate of the critical point of f(x) = 5x² - 10x + 4.,1,2,0,3,a,easy
ch4_q016,ch4,Find the x-coordinate of the critical point of f(x) = 3x² + 8x + 8.,-4/3,-2,-5,-3,a,easy
ch4_q017,ch4,Find the x-coordinate of the critical point of f(x) = 2x² - 10x + 2.,6,4,5/2,7,c,easy
ch4_q018,ch4,Find the x-coordinate of the critical point of f(x) = x² + 6x + 8.,-4,-3,-2,-1,b,easy
ch4_q019,ch4,Find the x-coordinate of the critical point of f(x) = 2x² - 6x - 1.,5,3/2,4,2,b,easy
ch4_q020,ch4,Find the x-coordinate of the critical point of f(x) = 2x² + 8x + 4.,0,-1,-2,-3,c,easy
ch4_q021,ch4,Find the x-coordinate of the critical point of f(x) = 2x² + 8x + 2.,0,-2,-1,-3,b,easy
ch4_q022,ch4,Find the x-coordinate of the critical point of f(x) = 3x² + 8x - 4.,-4/3,-3,-2,-5,a,easy
ch4_q023,ch4,Find the x-coordinate of the critical point of f(x) = 2x² + 6x - 7.,-4,-1,-2,-3/2,d,easy
ch4_q024,ch4,Find the x-coordinate of the critical point of f(x) = 5x² - 2x - 8.,3,0,1/5,2,c,easy
ch4_q025,ch4,Find the x-coordinate of the critical point of f(x) = 5x² - 4x - 4.,1,2/5,4,3,b,easy
ch4_q026,ch4,Find the x-coordinate of the critical point of f(x) = 3x² - 8x - 8.,6,4/3,3,5,b,easy
ch4_q027,ch4,Find the x-coordinate of the critical point of f(x) = x² + 6x + 3.,-2,-1,-4,-3,d,easy
ch4_q028,ch4,Find the x-coordinate of the critical point of f(x) = 5x² - 6x + 2.,4,3/5,2,5,b,easy
ch4_q029,ch4,Find the x-coordinate of the critical point of f(x) = 2x² + 4x + 7.,-2,0,-1,1,c,easy
ch4_q030,ch4,Find the x-coordinate of the critical point of f(x) = 2x² + 8x - 3.,-2,-3,0,-1,a,easy
ch4_q031,ch4,Find the x-coordinate of the critical point of f(x) = 2x² - 4x - 8.,0,1,3,2,b,easy
ch4_q032,ch4,Find the x-coordinate of the critical point of f(x) = 2x² + 10x + 2.,-4,-5/2,-3,-6,b,easy
ch4_q033,ch4,Find the x-coordinate of the critical point of f(x) = 4x² - 6x + 2.,5,2,4,3/4,d,easy
ch4_q034,ch4,Find the x-coordinate of the critical point of f(x) = 3x² - 4x - 6.,4,2/3,1,3,b,easy
ch4_q035,ch4,"At its critical point, does f(x) = -x² - 5x + 5 have a local max or local min?",Neither (inflection point),Local minimum,Cannot be determined,Local maximum,d,medium
ch4_q036,ch4,"At its critical point, does f(x) = x² + 3x + 2 have a local max or local min?",Neither (inflection point),Local maximum,Local minimum,Cannot be determined,c,medium
ch4_q037,ch4,Find the x-coordinate of the inflection point of f(x) = 2x³ + 5x² - 7x - 8.,-4,-6,-5/6,-3,c,medium
ch4_q038,ch4,"At its critical point, does f(x) = x² - 3x + 5 have a local max or local min?",Local maximum,Cannot be determined,Neither (inflection point),Local minimum,d,medium
ch4_q039,ch4,"At its critical point, does f(x) = 2x² + 5x - 4 have a local max or local min?",Neither (inflection point),Local maximum,Cannot be determined,Local minimum,d,medium
ch4_q040,ch4,Find the x-coordinate of the inflection point of f(x) = 2x³ + 4x² + 8x + 8.,-2/3,0,-1,-3,a,medium
ch4_q041,ch4,"At its critical point, does f(x) = 2x² + 7x - 4 have a local max or local min?",Neither (inflection point),Cannot be determined,Local maximum,Local minimum,d,medium
ch4_q042,ch4,"At its critical point, does f(x) = -3x² - 2x - 4 have a local max or local min?",Cannot be determined,Local minimum,Local maximum,Neither (inflection point),c,medium
ch4_q043,ch4,Find the x-coordinate of the inflection point of f(x) = 3x³ + 3x² + 6x + 6.,-2,0,-1/3,1,c,medium
ch4_q044,ch4,Find the x-coordinate of the inflection point of f(x) = 3x³ + 3x² + 2x - 4.,1,0,-1/3,-2,c,medium
ch4_q045,ch4,"At its critical point, does f(x) = 2x² - 7x - 4 have a local max or local min?",Neither (inflection point),Local maximum,Cannot be determined,Local minimum,d,medium
ch4_q046,ch4,"At its critical point, does f(x) = 2x² + 5x + 2 have a local max or local min?",Local maximum,Local minimum,Neither (inflection point),Cannot be determined,b,medium
ch4_q047,ch4,"At its critical point, does f(x) = 2x² + 8x + 6 have a local max or local min?",Neither (inflection point),Cannot be determined,Local minimum,Local maximum,c,medium
ch4_q048,ch4,Find the x-coordinate of the inflection point of f(x) = 2x³ - 3x² - 3x - 5.,3,2,0,1/2,d,medium
ch4_q049,ch4,"At its critical point, does f(x) = 3x² - 6x - 5 have a local max or local min?",Local minimum,Local maximum,Neither (inflection point),Cannot be determined,a,medium
ch4_q050,ch4,"At its critical point, does f(x) = 3x² + 8x + 6 have a local max or local min?",Neither (inflection point),Local maximum,Local minimum,Cannot be determined,c,medium
ch4_q051,ch4,Find the x-coordinate of the inflection point of f(x) = 2x³ + 9x² + 9x + 9.,-4,-1,-2,-3/2,d,medium
ch4_q052,ch4,"At its critical point, does f(x) = 3x² + 7x + 3 have a local max or local min?",Local maximum,Neither (inflection point),Local minimum,Cannot be determined,c,medium
ch4_q053,ch4,"At its critical point, does f(x) = x² + 2x + 5 have a local max or local min?",Neither (inflection point),Cannot be determined,Local minimum,Local maximum,c,medium
ch4_q054,ch4,"At its critical point, does f(x) = x² - 5x - 3 have a local max or local min?",Local minimum,Neither (inflection point),Cannot be determined,Local maximum,a,medium
ch4_q055,ch4,"At its critical point, does f(x) = x² - 2x + 5 have a local max or local min?",Local minimum,Local maximum,Neither (inflection point),Cannot be determined,a,medium
ch4_q056,ch4,Find the x-coordinate of the inflection point of f(x) = 2x³ - 7x² + 7x + 3.,6,7/6,8,9,b,medium
ch4_q057,ch4,Find the x-coordinate of the inflection point of f(x) = 2x³ - 3x² - 8x - 2.,3,2,0,1/2,d,medium
ch4_q058,ch4,"At its critical point, does f(x) = 2x² + 4x + 4 have a local max or local min?",Local maximum,Cannot be determined,Neither (inflection point),Local minimum,d,medium
ch4_q059,ch4,Find the x-coordinate of the inflection point of f(x) = 3x³ + 6x² + 5x - 4.,-2/3,0,-3,-1,a,medium
ch4_q060,ch4,"At its critical point, does f(x) = x² - 7x - 4 have a local max or local min?",Cannot be determined,Neither (inflection point),Local minimum,Local maximum,c,medium
ch4_q061,ch4,Find the x-coordinate of the inflection point of f(x) = 3x³ + 4x² + 7x - 9.,-3,-2,-5,-4/9,d,medium
ch4_q062,ch4,Find the x-coordinate of the inflection point of f(x) = x³ - 2x² - x - 1.,2/3,3,1,4,a,medium
ch4_q063,ch4,"At its critical point, does f(x) = 2x² + 4x + 3 have a local max or local min?",Neither (inflection point),Local maximum,Cannot be determined,Local minimum,d,medium
ch4_q064,ch4,"At its critical point, does f(x) = -x² + 2x - 2 have a local max or local min?",Local maximum,Local minimum,Cannot be determined,Neither (inflection point),a,medium
ch4_q065,ch4,Find the x-coordinate of the inflection point of f(x) = 2x³ + 7x² - 2x - 8.,-7/6,-6,-5,-8,a,medium
ch4_q066,ch4,Find the x-coordinate of the inflection point of f(x) = x³ + 6x² - x + 4.,-3,-2,0,-1,b,medium
ch4_q067,ch4,Find the x-coordinate of the inflection point of f(x) = 3x³ - 2x² + 8x + 6.,2/9,1,4,3,a,medium
ch4_q068,ch4,"For f(x) = 2x³ - 18x² + 48x - 4, on which interval is f increasing?",x < 2 only,2 < x < 4,x < 2 or x > 4,x > 4 only,c,hard
ch4_q069,ch4,"For f(x) = 4x³ - 18x² - 120x + 5, on which interval is f increasing?",x < -2 or x > 5,x < -2 only,x > 5 only,-2 < x < 5,a,hard
ch4_q070,ch4,"For f(x) = 2x³ + 12x² + 18x - 3, on which interval is f increasing?",x < -3 or x > -1,x < -3 only,-3 < x < -1,x > -1 only,a,hard
ch4_q071,ch4,"For f(x) = 3x³ + x² - 5x + 1, use the second derivative test to classify the concavity of f at x = 3.",Concave down (f''(x) < 0),Cannot be determined without more info,Inflection point (f''(x) = 0),Concave up (f''(x) > 0),d,hard
ch4_q072,ch4,"For f(x) = 2x³ + 8x² + 4x + 2, use the second derivative test to classify the concavity of f at x = -3.",Cannot be determined without more info,Concave down (f''(x) < 0),Concave up (f''(x) > 0),Inflection point (f''(x) = 0),b,hard
ch4_q073,ch4,"For f(x) = 4x³ + 42x² + 144x - 1, on which interval is f increasing?",x < -4 or x > -3,-4 < x < -3,x > -3 only,x < -4 only,a,hard
ch4_q074,ch4,"For f(x) = 2x³ - 12x² - 30x - 4, on which interval is f increasing?",x < -1 only,x > 5 only,-1 < x < 5,x < -1 or x > 5,d,hard
ch4_q075,ch4,"For f(x) = 4x³ - 18x² - 48x - 6, on which interval is f increasing?",x < -1 only,x > 4 only,-1 < x < 4,x < -1 or x > 4,d,hard
ch4_q076,ch4,"For f(x) = 2x³ - 6x² - 144x + 3, on which interval is f increasing?",x > 6 only,x < -4 or x > 6,x < -4 only,-4 < x < 6,b,hard
ch4_q077,ch4,"For f(x) = 4x³ - 18x² + 4, on which interval is f increasing?",x < 0 or x > 3,x > 3 only,0 < x < 3,x < 0 only,a,hard
ch4_q078,ch4,"For f(x) = 4x³ - 8x² + 2x - 3, use the second derivative test to classify the concavity of f at x = -4.",Cannot be determined without more info,Concave up (f''(x) > 0),Concave down (f''(x) < 0),Inflection point (f''(x) = 0),c,hard
ch4_q079,ch4,"For f(x) = 2x³ + 6x² - 144x - 6, on which interval is f increasing?",x > 4 only,x < -6 only,x < -6 or x > 4,-6 < x < 4,c,hard
ch4_q080,ch4,"For f(x) = 2x³ - 5x² + 2x + 3, use the second derivative test to classify the concavity of f at x = 2.",Concave down (f''(x) < 0),Cannot be determined without more info,Concave up (f''(x) > 0),Inflection point (f''(x) = 0),c,hard
ch4_q081,ch4,"For f(x) = 2x³ - 12x² - 72x + 1, on which interval is f increasing?",x < -2 only,x < -2 or x > 6,-2 < x < 6,x > 6 only,b,hard
ch4_q082,ch4,"For f(x) = 4x³ + 3x² - 4x + 6, use the second derivative test to classify the concavity of f at x = -1.",Concave up (f''(x) > 0),Inflection point (f''(x) = 0),Concave down (f''(x) < 0),Cannot be determined without more info,c,hard
ch4_q083,ch4,"For f(x) = 4x³ - 6x² - 240x - 3, on which interval is f increasing?",-4 < x < 5,x < -4 only,x > 5 only,x < -4 or x > 5,d,hard
ch4_q084,ch4,"For f(x) = 2x³ - 12x² - 30x + 4, on which interval is f increasing?",x < -1 only,x > 5 only,-1 < x < 5,x < -1 or x > 5,d,hard
ch4_q085,ch4,"For f(x) = 4x³ + 18x² - 216x + 4, on which interval is f increasing?",-6 < x < 3,x < -6 only,x > 3 only,x < -6 or x > 3,d,hard
ch4_q086,ch4,"For f(x) = 2x³ - 150x + 1, on which interval is f increasing?",x > 5 only,-5 < x < 5,x < -5 or x > 5,x < -5 only,c,hard
ch4_q087,ch4,"For f(x) = 2x³ - 2x² - 2x + 4, use the second derivative test to classify the concavity of f at x = -4.",Cannot be determined without more info,Concave up (f''(x) > 0),Inflection point (f''(x) = 0),Concave down (f''(x) < 0),d,hard
ch4_q088,ch4,"For f(x) = 4x³ + 30x² + 2, on which interval is f increasing?",x > 0 only,x < -5 only,-5 < x < 0,x < -5 or x > 0,d,hard
ch4_q089,ch4,"For f(x) = 2x³ + 6x² - 18x + 3, on which interval is f increasing?",x > 1 only,x < -3 or x > 1,x < -3 only,-3 < x < 1,b,hard
ch4_q090,ch4,"For f(x) = 4x³ + x² - 6x + 2, use the second derivative test to classify the concavity of f at x = -2.",Inflection point (f''(x) = 0),Concave up (f''(x) > 0),Concave down (f''(x) < 0),Cannot be determined without more info,c,hard
ch4_q091,ch4,"For f(x) = 2x³ - 8x² + 4x - 5, use the second derivative test to classify the concavity of f at x = -4.",Cannot be determined without more info,Concave up (f''(x) > 0),Inflection point (f''(x) = 0),Concave down (f''(x) < 0),d,hard
ch4_q092,ch4,"For f(x) = 4x³ + 18x² - 120x - 5, on which interval is f increasing?",x > 2 only,x < -5 only,-5 < x < 2,x < -5 or x > 2,d,hard
ch4_q093,ch4,"For f(x) = 3x³ + 6x² - 5x - 4, use the second derivative test to classify the concavity of f at x = -4.",Cannot be determined without more info,Inflection point (f''(x) = 0),Concave up (f''(x) > 0),Concave down (f''(x) < 0),d,hard
ch4_q094,ch4,"For f(x) = 4x³ - 5x² + 6x - 6, use the second derivative test to classify the concavity of f at x = -3.",Concave up (f''(x) > 0),Inflection point (f''(x) = 0),Cannot be determined without more info,Concave down (f''(x) < 0),d,hard
ch4_q095,ch4,"For f(x) = 3x³ + 6x² - x - 1, use the second derivative test to classify the concavity of f at x = -3.",Inflection point (f''(x) = 0),Cannot be determined without more info,Concave down (f''(x) < 0),Concave up (f''(x) > 0),c,hard
ch4_q096,ch4,"For f(x) = 4x³ + 4x² + 6x + 4, use the second derivative test to classify the concavity of f at x = 3.",Cannot be determined without more info,Inflection point (f''(x) = 0),Concave up (f''(x) > 0),Concave down (f''(x) < 0),c,hard
ch4_q097,ch4,"For f(x) = 4x³ + 54x² + 240x + 3, on which interval is f increasing?",x < -5 or x > -4,-5 < x < -4,x > -4 only,x < -5 only,a,hard
ch4_q098,ch4,"For f(x) = 4x³ - 18x² + 6, on which interval is f increasing?",0 < x < 3,x < 0 or x > 3,x < 0 only,x > 3 only,b,hard
ch4_q099,ch4,"For f(x) = 4x³ - 42x² + 72x - 5, on which interval is f increasing?",x > 6 only,x < 1 or x > 6,1 < x < 6,x < 1 only,b,hard
ch4_q100,ch4,"For f(x) = 2x³ - 6x² - 48x - 1, on which interval is f increasing?",-2 < x < 4,x < -2 only,x > 4 only,x < -2 or x > 4,d,hard
ch5_q001,ch5,Find ∫ x³ dx,x³ + C,(1/3)x⁴ + C,x⁴ + C,(1/4)x⁴ + C,d,easy
ch5_q002,ch5,Find ∫ 2x² dx,2x³ + C,2x² + C,(2/3)x³ + C,x³ + C,c,easy
ch5_q003,ch5,Find ∫ -4x dx,-4x + C,-2x² + C,-4x² + C,-3x² + C,b,easy
ch5_q004,ch5,Find ∫ 6x dx,7x² + C,6x² + C,3x² + C,6x + C,c,easy
ch5_q005,ch5,Find ∫ -8x² dx,(-8/3)x³ + C,-4x³ + C,-8x² + C,-8x³ + C,a,easy
ch5_q006,ch5,Find ∫ -2x² dx,-x³ + C,-2x² + C,-2x³ + C,(-2/3)x³ + C,d,easy
ch5_q007,ch5,Find ∫ 5x³ dx,(5/3)x⁴ + C,5x³ + C,5x⁴ + C,(5/4)x⁴ + C,d,easy
ch5_q008,ch5,Find ∫ -6x² dx,-6x³ + C,-2x³ + C,-6x² + C,-3x³ + C,b,easy
ch5_q009,ch5,Find ∫ 3x dx,3x² + C,3x + C,(3/2)x² + C,4x² + C,c,easy
ch5_q010,ch5,Find ∫ 7x dx,(7/2)x² + C,8x² + C,7x + C,7x² + C,a,easy
ch5_q011,ch5,Find ∫ -2x dx,-x² + C,-2x + C,-2x² + C,-x² + C (v1),a,easy
ch5_q012,ch5,Find ∫ 2x³ dx,2x⁴ + C,2x³ + C,(1/2)x⁴ + C,(2/3)x⁴ + C,c,easy
ch5_q013,ch5,Find ∫ -2x³ dx,(-2/3)x⁴ + C,-2x³ + C,-2x⁴ + C,(-1/2)x⁴ + C,d,easy
ch5_q014,ch5,Find ∫ 8x³ dx,8x⁴ + C,2x⁴ + C,(8/3)x⁴ + C,8x³ + C,b,easy
ch5_q015,ch5,Find ∫ -5x² dx,-5x² + C,-5x³ + C,(-5/3)x³ + C,(-5/2)x³ + C,c,easy
ch5_q016,ch5,Find ∫ -3x³ dx,-3x³ + C,-x⁴ + C,(-3/4)x⁴ + C,-3x⁴ + C,c,easy
ch5_q017,ch5,Find ∫ 5x dx,(5/2)x² + C,6x² + C,5x + C,5x² + C,a,easy
ch5_q018,ch5,Find ∫ 4x dx,4x² + C,5x² + C,4x + C,2x² + C,d,easy
ch5_q019,ch5,Find ∫ 5x² dx,5x² + C,(5/3)x³ + C,(5/2)x³ + C,5x³ + C,b,easy
ch5_q020,ch5,Find ∫ -8x³ dx,-2x⁴ + C,-8x⁴ + C,-8x³ + C,(-8/3)x⁴ + C,a,easy
ch5_q021,ch5,Find ∫ -4x³ dx,(-4/3)x⁴ + C,-x⁴ + C,-4x³ + C,-4x⁴ + C,b,easy
ch5_q022,ch5,Find ∫ 3x³ dx,3x⁴ + C,(3/4)x⁴ + C,3x³ + C,x⁴ + C,b,easy
ch5_q023,ch5,Find ∫ 3x² dx,x³ + C,(3/2)x³ + C,3x³ + C,3x² + C,a,easy
ch5_q024,ch5,Find ∫ -5x dx,(-5/2)x² + C,-5x² + C,-5x + C,-4x² + C,a,easy
ch5_q025,ch5,Find ∫ 8x² dx,4x³ + C,8x² + C,(8/3)x³ + C,8x³ + C,c,easy
ch5_q026,ch5,Find ∫ -5x³ dx,(-5/4)x⁴ + C,(-5/3)x⁴ + C,-5x³ + C,-5x⁴ + C,a,easy
ch5_q027,ch5,Find ∫ -6x³ dx,(-3/2)x⁴ + C,-6x⁴ + C,-2x⁴ + C,-6x³ + C,a,easy
ch5_q028,ch5,Find ∫ 9x³ dx,(9/4)x⁴ + C,9x⁴ + C,9x³ + C,3x⁴ + C,a,easy
ch5_q029,ch5,Find ∫ -9x² dx,-9x² + C,-9x³ + C,(-9/2)x³ + C,-3x³ + C,d,easy
ch5_q030,ch5,Find ∫ -8x dx,-8x + C,-8x² + C,-7x² + C,-4x² + C,d,easy
ch5_q031,ch5,Find ∫ -x dx,-x + C,0x² + C,(-1/2)x² + C,-x² + C,c,easy
ch5_q032,ch5,Find ∫ 8x dx,9x² + C,8x + C,8x² + C,4x² + C,d,easy
ch5_q033,ch5,Find ∫ x² dx,x² + C,x³ + C,(1/2)x³ + C,(1/3)x³ + C,d,easy
ch5_q034,ch5,Find ∫ 2x dx,3x² + C,x² + C,2x + C,2x² + C,b,easy
ch5_q035,ch5,Find ∫ 8x(4x² - 4)³ dx,(4x² - 4)⁴ + C,(1/4)(4x² - 4)³ + C,8(4x² - 4)⁴ + C,(1/4)(4x² - 4)⁴ + C,d,medium
ch5_q036,ch5,Evaluate ∫ from 0 to 3 of 4x² dx,36,39,37,35,a,medium
ch5_q037,ch5,Evaluate ∫ from 2 to 4 of 2x² dx,115,113,111,112/3,d,medium
ch5_q038,ch5,Evaluate ∫ from 1 to 2 of x² dx,10,8,6,7/3,d,medium
ch5_q039,ch5,Find ∫ 6x(3x² - 5)³ dx,(3x² - 5)⁴ + C,(1/4)(3x² - 5)⁴ + C,6(3x² - 5)⁴ + C,(1/4)(3x² - 5)³ + C,b,medium
ch5_q040,ch5,Evaluate ∫ from 1 to 4 of x² dx,21,24,22,20,a,medium
ch5_q041,ch5,Evaluate ∫ from 1 to 4 of 3x² dx,63,66,62,64,a,medium
ch5_q042,ch5,Find ∫ 4x(2x² + 6)³ dx,(2x² + 6)⁴ + C,(1/4)(2x² + 6)⁴ + C,(1/4)(2x² + 6)³ + C,4(2x² + 6)⁴ + C,b,medium
ch5_q043,ch5,Evaluate ∫ from 1 to 3 of 3x² dx,27,25,26,29,c,medium
ch5_q044,ch5,Find ∫ 2x(1x² - 2)³ dx,2(1x² - 2)⁴ + C,(1x² - 2)⁴ + C,(1/4)(1x² - 2)⁴ + C,(1/4)(1x² - 2)³ + C,c,medium
ch5_q045,ch5,Find ∫ 8x(4x² - 6)² dx,(1/3)(4x² - 6)² + C,(1/3)(4x² - 6)³ + C,8(4x² - 6)³ + C,(4x² - 6)³ + C,b,medium
ch5_q046,ch5,Evaluate ∫ from 0 to 4 of 2x² dx,129,131,127,128/3,d,medium
ch5_q047,ch5,Find ∫ 2x(1x² - 3)³ dx,(1x² - 3)⁴ + C,(1/4)(1x² - 3)⁴ + C,(1/4)(1x² - 3)³ + C,2(1x² - 3)⁴ + C,b,medium
ch5_q048,ch5,Evaluate ∫ from 2 to 3 of x² dx,18,22,20,19/3,d,medium
ch5_q049,ch5,Evaluate ∫ from 0 to 2 of 2x² dx,16/3,17,19,15,a,medium
ch5_q050,ch5,Find ∫ 8x(4x² + 4)² dx,(1/3)(4x² + 4)² + C,(1/3)(4x² + 4)³ + C,(4x² + 4)³ + C,8(4x² + 4)³ + C,b,medium
ch5_q051,ch5,Find ∫ 2x(1x² + 2) dx,(1x² + 2)² + C,2(1x² + 2)² + C,(1/2)(1x² + 2) + C,(1/2)(1x² + 2)² + C,d,medium
ch5_q052,ch5,Evaluate ∫ from 0 to 4 of 3x² dx,64,67,63,65,a,medium
ch5_q053,ch5,Evaluate ∫ from 3 to 4 of 3x² dx,40,37,36,38,b,medium
ch5_q054,ch5,Find ∫ 4x(2x² + 2) dx,(1/2)(2x² + 2)² + C,4(2x² + 2)² + C,(1/2)(2x² + 2) + C,(2x² + 2)² + C,a,medium
ch5_q055,ch5,Find ∫ 4x(2x² - 2)³ dx,(2x² - 2)⁴ + C,4(2x² - 2)⁴ + C,(1/4)(2x² - 2)⁴ + C,(1/4)(2x² - 2)³ + C,c,medium
ch5_q056,ch5,Evaluate ∫ from 0 to 3 of x² dx,8,10,12,9,d,medium
ch5_q057,ch5,Find ∫ 4x(2x² + 4)³ dx,4(2x² + 4)⁴ + C,(1/4)(2x² + 4)³ + C,(1/4)(2x² + 4)⁴ + C,(2x² + 4)⁴ + C,c,medium
ch5_q058,ch5,Evaluate ∫ from 0 to 1 of 3x² dx,2,1,4,0,b,medium
ch5_q059,ch5,Find ∫ 6x(3x² - 1) dx,(1/2)(3x² - 1) + C,6(3x² - 1)² + C,(1/2)(3x² - 1)² + C,(3x² - 1)² + C,c,medium
ch5_q060,ch5,Evaluate ∫ from 2 to 3 of 2x² dx,38/3,39,41,37,a,medium
ch5_q061,ch5,Evaluate ∫ from 2 to 3 of 3x² dx,22,20,19,18,c,medium
ch5_q062,ch5,Find ∫ 8x(4x² + 1)² dx,(1/3)(4x² + 1)³ + C,8(4x² + 1)³ + C,(4x² + 1)³ + C,(1/3)(4x² + 1)² + C,a,medium
ch5_q063,ch5,Find ∫ 2x(1x² + 5) dx,(1x² + 5)² + C,2(1x² + 5)² + C,(1/2)(1x² + 5) + C,(1/2)(1x² + 5)² + C,d,medium
ch5_q064,ch5,Find ∫ 4x(2x² - 6)³ dx,(1/4)(2x² - 6)⁴ + C,(2x² - 6)⁴ + C,4(2x² - 6)⁴ + C,(1/4)(2x² - 6)³ + C,a,medium
ch5_q065,ch5,Find ∫ 4x(2x² + 1)³ dx,4(2x² + 1)⁴ + C,(1/4)(2x² + 1)³ + C,(2x² + 1)⁴ + C,(1/4)(2x² + 1)⁴ + C,d,medium
ch5_q066,ch5,Evaluate ∫ from 1 to 4 of 2x² dx,45,42,41,43,b,medium
ch5_q067,ch5,Evaluate ∫ from 1 to 3 of 2x² dx,53,55,51,52/3,d,medium
ch5_q068,ch5,Find ∫ x·e^(1x) dx,(x/1)e^(1x) - (1/1²)e^(1x) + C,(x/1)e^(1x) + (1/1²)e^(1x) + C,x·e^(1x) + C,(x/1)e^(1x) + C,a,hard
ch5_q069,ch5,Find ∫ cos(8x) dx,sin(8x) + C,-(1/8)sin(8x) + C,(1/8)cos(8x) + C,(1/8)sin(8x) + C,d,hard
ch5_q070,ch5,Find ∫ x·e^(9x) dx,(x/9)e^(9x) - (1/9²)e^(9x) + C,(x/9)e^(9x) + C,(x/9)e^(9x) + (1/9²)e^(9x) + C,x·e^(9x) + C,a,hard
ch5_q071,ch5,Find ∫ 1/(5x - 3) dx,(1/5)ln|5x - 3| + C,ln|5x - 3| + C,(1/5)ln|5x - 3|² + C,5ln|5x - 3| + C,a,hard
ch5_q072,ch5,Find ∫ cos(2x) dx,sin(2x) + C,-(1/2)sin(2x) + C,(1/2)sin(2x) + C,(1/2)cos(2x) + C,c,hard
ch5_q073,ch5,Find ∫ cos(6x) dx,-(1/6)sin(6x) + C,(1/6)sin(6x) + C,sin(6x) + C,(1/6)cos(6x) + C,b,hard
ch5_q074,ch5,Find ∫ 1/(2x + 6) dx,2ln|2x + 6| + C,(1/2)ln|2x + 6|² + C,(1/2)ln|2x + 6| + C,ln|2x + 6| + C,c,hard
ch5_q075,ch5,Find ∫ 1/(6x - 2) dx,6ln|6x - 2| + C,(1/6)ln|6x - 2|² + C,(1/6)ln|6x - 2| + C,ln|6x - 2| + C,c,hard
ch5_q076,ch5,Find ∫ sin(2x) dx,-cos(2x) + C,-(1/2)cos(2x) + C,(1/2)cos(2x) + C,-(1/2)sin(2x) + C,b,hard
ch5_q077,ch5,Find ∫ x·e^(3x) dx,(x/3)e^(3x) + C,x·e^(3x) + C,(x/3)e^(3x) - (1/3²)e^(3x) + C,(x/3)e^(3x) + (1/3²)e^(3x) + C,c,hard
ch5_q078,ch5,Find ∫ cos(3x) dx,(1/3)cos(3x) + C,-(1/3)sin(3x) + C,sin(3x) + C,(1/3)sin(3x) + C,d,hard
ch5_q079,ch5,Find ∫ x·e^(4x) dx,(x/4)e^(4x) - (1/4²)e^(4x) + C,(x/4)e^(4x) + C,x·e^(4x) + C,(x/4)e^(4x) + (1/4²)e^(4x) + C,a,hard
ch5_q080,ch5,Find ∫ sin(3x) dx,(1/3)cos(3x) + C,-(1/3)cos(3x) + C,-cos(3x) + C,-(1/3)sin(3x) + C,b,hard
ch5_q081,ch5,Find ∫ 1/(7x - 3) dx,7ln|7x - 3| + C,ln|7x - 3| + C,(1/7)ln|7x - 3| + C,(1/7)ln|7x - 3|² + C,c,hard
ch5_q082,ch5,Find ∫ sin(7x) dx,(1/7)cos(7x) + C,-cos(7x) + C,-(1/7)sin(7x) + C,-(1/7)cos(7x) + C,d,hard
ch5_q083,ch5,Find ∫ 1/(7x + 8) dx,ln|7x + 8| + C,(1/7)ln|7x + 8|² + C,(1/7)ln|7x + 8| + C,7ln|7x + 8| + C,c,hard
ch5_q084,ch5,Find ∫ x·e^(8x) dx,(x/8)e^(8x) + C,(x/8)e^(8x) + (1/8²)e^(8x) + C,x·e^(8x) + C,(x/8)e^(8x) - (1/8²)e^(8x) + C,d,hard
ch5_q085,ch5,Find ∫ 1/(2x - 8) dx,(1/2)ln|2x - 8| + C,ln|2x - 8| + C,(1/2)ln|2x - 8|² + C,2ln|2x - 8| + C,a,hard
ch5_q086,ch5,Find ∫ cos(1x) dx,sin(x) + C,sin(1x) + C,cos(x) + C,-sin(x) + C,a,hard
ch5_q087,ch5,Find ∫ x·e^(5x) dx,(x/5)e^(5x) + C,x·e^(5x) + C,(x/5)e^(5x) - (1/5²)e^(5x) + C,(x/5)e^(5x) + (1/5²)e^(5x) + C,c,hard
ch5_q088,ch5,Find ∫ cos(9x) dx,-(1/9)sin(9x) + C,(1/9)cos(9x) + C,(1/9)sin(9x) + C,sin(9x) + C,c,hard
ch5_q089,ch5,Find ∫ 1/(6x - 8) dx,ln|6x - 8| + C,6ln|6x - 8| + C,(1/6)ln|6x - 8|² + C,(1/6)ln|6x - 8| + C,d,hard
ch5_q090,ch5,Find ∫ cos(4x) dx,sin(4x) + C,(1/4)sin(4x) + C,-(1/4)sin(4x) + C,(1/4)cos(4x) + C,b,hard
ch5_q091,ch5,Find ∫ x·e^(7x) dx,(x/7)e^(7x) - (1/7²)e^(7x) + C,(x/7)e^(7x) + (1/7²)e^(7x) + C,(x/7)e^(7x) + C,x·e^(7x) + C,a,hard
ch5_q092,ch5,Find ∫ 1/(3x + 4) dx,(1/3)ln|3x + 4| + C,(1/3)ln|3x + 4|² + C,3ln|3x + 4| + C,ln|3x + 4| + C,a,hard
ch5_q093,ch5,Find ∫ x·e^(6x) dx,(x/6)e^(6x) - (1/6²)e^(6x) + C,x·e^(6x) + C,(x/6)e^(6x) + C,(x/6)e^(6x) + (1/6²)e^(6x) + C,a,hard
ch5_q094,ch5,Find ∫ 1/(2x - 5) dx,(1/2)ln|2x - 5|² + C,(1/2)ln|2x - 5| + C,2ln|2x - 5| + C,ln|2x - 5| + C,b,hard
ch5_q095,ch5,Find ∫ 1/(4x + 2) dx,(1/4)ln|4x + 2|² + C,ln|4x + 2| + C,4ln|4x + 2| + C,(1/4)ln|4x + 2| + C,d,hard
ch5_q096,ch5,Find ∫ 1/(x - 6) dx,ln|x - 6| + C,1ln|x - 6| + C,(1/2)ln|x - 6| + C,ln|x - 6|² + C,a,hard
ch5_q097,ch5,Find ∫ x·e^(2x) dx,(x/2)e^(2x) + (1/2²)e^(2x) + C,(x/2)e^(2x) + C,(x/2)e^(2x) - (1/2²)e^(2x) + C,x·e^(2x) + C,c,hard
ch5_q098,ch5,Find ∫ 1/(4x + 4) dx,ln|4x + 4| + C,(1/4)ln|4x + 4| + C,4ln|4x + 4| + C,(1/4)ln|4x + 4|² + C,b,hard
ch5_q099,ch5,Find ∫ sin(1x) dx,cos(x) + C,-sin(x) + C,-cos(x) + C,-cos(1x) + C,c,hard
ch5_q100,ch5,Find ∫ 1/(5x + 8) dx,5ln|5x + 8| + C,(1/5)ln|5x + 8| + C,(1/5)ln|5x + 8|² + C,ln|5x + 8| + C,b,hard
ch6_q001,ch6,Solve dy/dx = 5y with y(0) = 1.,y = e^(-5x),y = 1 + 5x,y = e^(5x),y = 5e^(x),c,easy
ch6_q002,ch6,Solve dy/dx = -3y with y(0) = 2.,y = 2e^(-3x),y = 2 - 3x,y = 2e^(3x),y = -3e^(2x),a,easy
ch6_q003,ch6,Solve dy/dx = 5y with y(0) = 7.,y = 7e^(-5x),y = 7e^(5x),y = 5e^(7x),y = 7 + 5x,b,easy
ch6_q004,ch6,Solve dy/dx = 3y with y(0) = 1.,y = 3e^(x),y = e^(-3x),y = 1 + 3x,y = e^(3x),d,easy
ch6_q005,ch6,Solve dy/dx = 3y with y(0) = 6.,y = 6 + 3x,y = 6e^(3x),y = 6e^(-3x),y = 3e^(6x),b,easy
ch6_q006,ch6,Solve dy/dx = 4y with y(0) = 4.,y = 4 + 4x,y = 4e^(4x),y = 4e^(-4x),y = 4e^(4x) (v1),b,easy
ch6_q007,ch6,Solve dy/dx = -y with y(0) = 3.,y = 3e^(x),y = 3e^(-x),y = -1e^(3x),y = 3 - 1x,b,easy
ch6_q008,ch6,Solve dy/dx = 3y with y(0) = 2.,y = 2 + 3x,y = 2e^(3x),y = 2e^(-3x),y = 3e^(2x),b,easy
ch6_q009,ch6,Solve dy/dx = 3y with y(0) = 5.,y = 5e^(3x),y = 5e^(-3x),y = 5 + 3x,y = 3e^(5x),a,easy
ch6_q010,ch6,Solve dy/dx = y with y(0) = 8.,y = 8e^(x),y = e^(8x),y = 8 + 1x,y = 8e^(-x),a,easy
ch6_q011,ch6,Solve dy/dx = 5y with y(0) = 8.,y = 5e^(8x),y = 8 + 5x,y = 8e^(-5x),y = 8e^(5x),d,easy
ch6_q012,ch6,Solve dy/dx = -y with y(0) = 2.,y = 2e^(x),y = 2e^(-x),y = -1e^(2x),y = 2 - 1x,b,easy
ch6_q013,ch6,Solve dy/dx = 5y with y(0) = 4.,y = 4e^(5x),y = 4 + 5x,y = 4e^(-5x),y = 5e^(4x),a,easy
ch6_q014,ch6,Solve dy/dx = 3y with y(0) = 9.,y = 9 + 3x,y = 9e^(-3x),y = 3e^(9x),y = 9e^(3x),d,easy
ch6_q015,ch6,Solve dy/dx = -2y with y(0) = 5.,y = 5 - 2x,y = -2e^(5x),y = 5e^(2x),y = 5e^(-2x),d,easy
ch6_q016,ch6,Solve dy/dx = -4y with y(0) = 9.,y = 9e^(-4x),y = -4e^(9x),y = 9 - 4x,y = 9e^(4x),a,easy
ch6_q017,ch6,Solve dy/dx = -3y with y(0) = 4.,y = 4e^(3x),y = 4e^(-3x),y = -3e^(4x),y = 4 - 3x,b,easy
ch6_q018,ch6,Solve dy/dx = -2y with y(0) = 4.,y = 4e^(2x),y = 4 - 2x,y = 4e^(-2x),y = -2e^(4x),c,easy
ch6_q019,ch6,Solve dy/dx = 4y with y(0) = 6.,y = 6 + 4x,y = 4e^(6x),y = 6e^(4x),y = 6e^(-4x),c,easy
ch6_q020,ch6,Solve dy/dx = -4y with y(0) = 8.,y = 8e^(4x),y = 8 - 4x,y = -4e^(8x),y = 8e^(-4x),d,easy
ch6_q021,ch6,Solve dy/dx = 2y with y(0) = 6.,y = 6e^(2x),y = 6 + 2x,y = 6e^(-2x),y = 2e^(6x),a,easy
ch6_q022,ch6,Solve dy/dx = 2y with y(0) = 3.,y = 3 + 2x,y = 3e^(2x),y = 3e^(-2x),y = 2e^(3x),b,easy
ch6_q023,ch6,Solve dy/dx = 4y with y(0) = 3.,y = 3 + 4x,y = 3e^(-4x),y = 4e^(3x),y = 3e^(4x),d,easy
ch6_q024,ch6,Solve dy/dx = 2y with y(0) = 9.,y = 9 + 2x,y = 9e^(-2x),y = 2e^(9x),y = 9e^(2x),d,easy
ch6_q025,ch6,Solve dy/dx = y with y(0) = 3.,y = e^(3x),y = 3e^(-x),y = 3e^(x),y = 3 + 1x,c,easy
ch6_q026,ch6,Solve dy/dx = -5y with y(0) = 1.,y = -5e^(x),y = e^(-5x),y = 1 - 5x,y = e^(5x),b,easy
ch6_q027,ch6,Solve dy/dx = 4y with y(0) = 5.,y = 5e^(4x),y = 5 + 4x,y = 4e^(5x),y = 5e^(-4x),a,easy
ch6_q028,ch6,Solve dy/dx = -3y with y(0) = 8.,y = -3e^(8x),y = 8e^(3x),y = 8e^(-3x),y = 8 - 3x,c,easy
ch6_q029,ch6,Solve dy/dx = y with y(0) = 5.,y = 5e^(-x),y = e^(5x),y = 5e^(x),y = 5 + 1x,c,easy
ch6_q030,ch6,Solve dy/dx = -4y with y(0) = 5.,y = 5e^(-4x),y = 5 - 4x,y = -4e^(5x),y = 5e^(4x),a,easy
ch6_q031,ch6,Solve dy/dx = y with y(0) = 4.,y = 4 + 1x,y = 4e^(x),y = e^(4x),y = 4e^(-x),b,easy
ch6_q032,ch6,Solve dy/dx = 2y with y(0) = 1.,y = e^(2x),y = 2e^(x),y = 1 + 2x,y = e^(-2x),a,easy
ch6_q033,ch6,Solve dy/dx = -3y with y(0) = 9.,y = 9e^(-3x),y = 9 - 3x,y = 9e^(3x),y = -3e^(9x),a,easy
ch6_q034,ch6,Solve dy/dx = -y with y(0) = 9.,y = -1e^(9x),y = 9 - 1x,y = 9e^(x),y = 9e^(-x),d,easy
ch6_q035,ch6,Solve dy/dx = x with y(0) = -2.,y = x - 2,y = (1/2)x² - 2,y = x² - 2,y = (1/2)x²,b,medium
ch6_q036,ch6,"A population grows according to dP/dt = 0.05P, with P(0) = 500. Which function models P(t)?",P(t) = 500e^(0.05t),P(t) = 500 + 0.05t,P(t) = 500(0.05t),P(t) = 500e^(-0.05t),a,medium
ch6_q037,ch6,"A population grows according to dP/dt = 0.1P, with P(0) = 100. Which function models P(t)?",P(t) = 100 + 0.1t,P(t) = 100e^(0.1t),P(t) = 100(0.1t),P(t) = 100e^(-0.1t),b,medium
ch6_q038,ch6,Solve dy/dx = 3x with y(0) = 5.,y = (3/2)x² + 5,y = 3x² + 5,y = (3/2)x²,y = 3x + 5,a,medium
ch6_q039,ch6,Solve dy/dx = 4x with y(0) = 4.,y = 4x + 4,y = 2x² + 4,y = 4x² + 4,y = 2x²,b,medium
ch6_q040,ch6,Solve dy/dx = 6x with y(0) = 1.,y = 6x² + 1,y = 3x²,y = 3x² + 1,y = 6x + 1,c,medium
ch6_q041,ch6,Solve dy/dx = 3x with y(0) = -2.,y = (3/2)x² - 2,y = 3x - 2,y = 3x² - 2,y = (3/2)x²,a,medium
ch6_q042,ch6,"A population grows according to dP/dt = 0.05P, with P(0) = 1000. Which function models P(t)?",P(t) = 1000e^(0.05t),P(t) = 1000 + 0.05t,P(t) = 1000(0.05t),P(t) = 1000e^(-0.05t),a,medium
ch6_q043,ch6,"A population grows according to dP/dt = 0.03P, with P(0) = 200. Which function models P(t)?",P(t) = 200(0.03t),P(t) = 200e^(0.03t),P(t) = 200e^(-0.03t),P(t) = 200 + 0.03t,b,medium
ch6_q044,ch6,"A population grows according to dP/dt = 0.03P, with P(0) = 100. Which function models P(t)?",P(t) = 100 + 0.03t,P(t) = 100e^(-0.03t),P(t) = 100e^(0.03t),P(t) = 100(0.03t),c,medium
ch6_q045,ch6,Solve dy/dx = 4x with y(0) = 3.,y = 2x²,y = 4x² + 3,y = 4x + 3,y = 2x² + 3,d,medium
ch6_q046,ch6,Solve dy/dx = x with y(0) = -1.,y = (1/2)x²,y = x - 1,y = (1/2)x² - 1,y = x² - 1,c,medium
ch6_q047,ch6,"A population grows according to dP/dt = -0.05P, with P(0) = 1000. Which function models P(t)?",P(t) = 1000(-0.05t),P(t) = 1000e^(-0.05t),P(t) = 1000e^(0.05t),P(t) = 1000 - 0.05t,b,medium
ch6_q048,ch6,Solve dy/dx = x with y(0) = 5.,y = (1/2)x² + 5,y = x + 5,y = x² + 5,y = (1/2)x²,a,medium
ch6_q049,ch6,"A population grows according to dP/dt = -0.02P, with P(0) = 500. Which function models P(t)?",P(t) = 500(-0.02t),P(t) = 500e^(-0.02t),P(t) = 500e^(0.02t),P(t) = 500 - 0.02t,b,medium
ch6_q050,ch6,"A population grows according to dP/dt = -0.02P, with P(0) = 1000. Which function models P(t)?",P(t) = 1000e^(-0.02t),P(t) = 1000(-0.02t),P(t) = 1000 - 0.02t,P(t) = 1000e^(0.02t),a,medium
ch6_q051,ch6,Solve dy/dx = x with y(0) = 2.,y = (1/2)x² + 2,y = x + 2,y = x² + 2,y = (1/2)x²,a,medium
ch6_q052,ch6,"A population grows according to dP/dt = 0.05P, with P(0) = 200. Which function models P(t)?",P(t) = 200 + 0.05t,P(t) = 200(0.05t),P(t) = 200e^(-0.05t),P(t) = 200e^(0.05t),d,medium
ch6_q053,ch6,"A population grows according to dP/dt = 0.1P, with P(0) = 500. Which function models P(t)?",P(t) = 500(0.1t),P(t) = 500 + 0.1t,P(t) = 500e^(-0.1t),P(t) = 500e^(0.1t),d,medium
ch6_q054,ch6,"A population grows according to dP/dt = 0.02P, with P(0) = 500. Which function models P(t)?",P(t) = 500 + 0.02t,P(t) = 500e^(0.02t),P(t) = 500(0.02t),P(t) = 500e^(-0.02t),b,medium
ch6_q055,ch6,Solve dy/dx = 5x with y(0) = -2.,y = (5/2)x² - 2,y = 5x² - 2,y = (5/2)x²,y = 5x - 2,a,medium
ch6_q056,ch6,"A population grows according to dP/dt = 0.03P, with P(0) = 1000. Which function models P(t)?",P(t) = 1000e^(-0.03t),P(t) = 1000(0.03t),P(t) = 1000 + 0.03t,P(t) = 1000e^(0.03t),d,medium
ch6_q057,ch6,"A population grows according to dP/dt = -0.05P, with P(0) = 500. Which function models P(t)?",P(t) = 500(-0.05t),P(t) = 500e^(-0.05t),P(t) = 500 - 0.05t,P(t) = 500e^(0.05t),b,medium
ch6_q058,ch6,Solve dy/dx = 2x with y(0) = -3.,y = 2x - 3,y = 2x² - 3,y = x² - 3,y = x²,c,medium
ch6_q059,ch6,Solve dy/dx = x with y(0) = 3.,y = x² + 3,y = (1/2)x²,y = x + 3,y = (1/2)x² + 3,d,medium
ch6_q060,ch6,"A population grows according to dP/dt = 0.03P, with P(0) = 500. Which function models P(t)?",P(t) = 500 + 0.03t,P(t) = 500e^(0.03t),P(t) = 500e^(-0.03t),P(t) = 500(0.03t),b,medium
ch6_q061,ch6,Solve dy/dx = x with y(0) = -3.,y = (1/2)x²,y = x - 3,y = x² - 3,y = (1/2)x² - 3,d,medium
ch6_q062,ch6,"A population grows according to dP/dt = 0.02P, with P(0) = 1000. Which function models P(t)?",P(t) = 1000 + 0.02t,P(t) = 1000e^(-0.02t),P(t) = 1000e^(0.02t),P(t) = 1000(0.02t),c,medium
ch6_q063,ch6,Solve dy/dx = 4x with y(0) = 2.,y = 4x + 2,y = 2x² + 2,y = 2x²,y = 4x² + 2,b,medium
ch6_q064,ch6,Solve dy/dx = 4x with y(0) = -4.,y = 2x² - 4,y = 2x²,y = 4x - 4,y = 4x² - 4,a,medium
ch6_q065,ch6,Solve dy/dx = 6x with y(0) = 3.,y = 6x + 3,y = 3x²,y = 6x² + 3,y = 3x² + 3,d,medium
ch6_q066,ch6,Solve dy/dx = x with y(0) = 4.,y = x² + 4,y = (1/2)x² + 4,y = (1/2)x²,y = x + 4,b,medium
ch6_q067,ch6,"A population grows according to dP/dt = -0.05P, with P(0) = 100. Which function models P(t)?",P(t) = 100 - 0.05t,P(t) = 100e^(-0.05t),P(t) = 100(-0.05t),P(t) = 100e^(0.05t),b,medium
ch6_q068,ch6,"Solve the separable equation dy/dx = 3x/y, given y(2) = 1.",y = 3x² - 11,y² = 3x² - 11,y² = -3x² - 11,y² = 3x²,b,hard
ch6_q069,ch6,Which function is a solution to dy/dx = 6y?,y = 5e^(6x²),y = 5e^(6x),y = 5e^(-6x),y = 6x + 5,b,hard
ch6_q070,ch6,"Solve the separable equation dy/dx = 4x/y, given y(3) = 2.",y² = -4x² - 32,y² = 4x²,y² = 4x² - 32,y = 4x² - 32,c,hard
ch6_q071,ch6,Which function is a solution to dy/dx = 3y?,y = 5e^(3x),y = 5e^(3x²),y = 3x + 5,y = 5e^(-3x),a,hard
ch6_q072,ch6,Which function is a solution to dy/dx = 5y?,y = 5e^(-5x),y = 5e^(5x),y = 5e^(5x²),y = 5x + 5,b,hard
ch6_q073,ch6,"Solve the separable equation dy/dx = 5x/y, given y(2) = 4.",y² = 5x² - 4,y² = -5x² - 4,y² = 5x²,y = 5x² - 4,a,hard
ch6_q074,ch6,Which function is a solution to dy/dx = 2y?,y = 5e^(-2x),y = 5e^(2x),y = 2x + 5,y = 5e^(2x²),b,hard
ch6_q075,ch6,"Solve the separable equation dy/dx = 5x/y, given y(3) = 2.",y² = 5x²,y² = 5x² - 41,y² = -5x² - 41,y = 5x² - 41,b,hard
ch6_q076,ch6,"Solve the separable equation dy/dx = 5x/y, given y(3) = 3.",y² = 5x² - 36,y² = 5x²,y = 5x² - 36,y² = -5x² - 36,a,hard
ch6_q077,ch6,"Solve the separable equation dy/dx = 1x/y, given y(1) = 1.",y² = -x² + 0,y = x² + 0,y² = x² + 0,y² = x²,c,hard
ch6_q078,ch6,"Solve the separable equation dy/dx = 1x/y, given y(4) = 2.",y = x² - 12,y² = x²,y² = -x² - 12,y² = x² - 12,d,hard
ch6_q079,ch6,"Solve the separable equation dy/dx = 1x/y, given y(2) = 4.",y = x² + 12,y² = -x² + 12,y² = x²,y² = x² + 12,d,hard
ch6_q080,ch6,Which function is a solution to dy/dx = 4y?,y = 5e^(4x²),y = 5e^(-4x),y = 4x + 5,y = 5e^(4x),d,hard
ch6_q081,ch6,"Solve the separable equation dy/dx = 1x/y, given y(3) = 1.",y² = -x² - 8,y² = x² - 8,y = x² - 8,y² = x²,b,hard
ch6_q082,ch6,"Solve the separable equation dy/dx = 2x/y, given y(4) = 2.",y² = -2x² - 28,y² = 2x² - 28,y = 2x² - 28,y² = 2x²,b,hard
ch6_q083,ch6,"Solve the separable equation dy/dx = 5x/y, given y(4) = 1.",y² = 5x² - 79,y² = 5x²,y² = -5x² - 79,y = 5x² - 79,a,hard
ch6_q084,ch6,"Solve the separable equation dy/dx = 2x/y, given y(4) = 3.",y² = 2x² - 23,y² = -2x² - 23,y = 2x² - 23,y² = 2x²,a,hard
ch6_q085,ch6,"Solve the separable equation dy/dx = 3x/y, given y(1) = 2.",y² = -3x² + 1,y² = 3x²,y² = 3x² + 1,y = 3x² + 1,c,hard
ch6_q086,ch6,"Solve the separable equation dy/dx = 2x/y, given y(3) = 1.",y² = 2x²,y² = 2x² - 17,y² = -2x² - 17,y = 2x² - 17,b,hard
ch6_q087,ch6,"Solve the separable equation dy/dx = 1x/y, given y(4) = 3.",y = x² - 7,y² = -x² - 7,y² = x² - 7,y² = x²,c,hard
ch6_q088,ch6,"Solve the separable equation dy/dx = 2x/y, given y(3) = 3.",y² = -2x² - 9,y² = 2x²,y = 2x² - 9,y² = 2x² - 9,d,hard
ch6_q089,ch6,"Solve the separable equation dy/dx = 1x/y, given y(3) = 4.",y = x² + 7,y² = x² + 7,y² = -x² + 7,y² = x²,b,hard
ch6_q090,ch6,"Solve the separable equation dy/dx = 3x/y, given y(3) = 4.",y² = 3x²,y = 3x² - 11,y² = 3x² - 11,y² = -3x² - 11,c,hard
ch6_q091,ch6,"Solve the separable equation dy/dx = 4x/y, given y(1) = 3.",y = 4x² + 5,y² = -4x² + 5,y² = 4x²,y² = 4x² + 5,d,hard
ch6_q092,ch6,"Solve the separable equation dy/dx = 2x/y, given y(1) = 4.",y² = 2x²,y² = 2x² + 14,y = 2x² + 14,y² = -2x² + 14,b,hard
ch6_q093,ch6,"Solve the separable equation dy/dx = 4x/y, given y(3) = 4.",y = 4x² - 20,y² = -4x² - 20,y² = 4x² - 20,y² = 4x²,c,hard
ch6_q094,ch6,"Solve the separable equation dy/dx = 4x/y, given y(1) = 4.",y² = -4x² + 12,y² = 4x²,y² = 4x² + 12,y = 4x² + 12,c,hard
ch6_q095,ch6,"Solve the separable equation dy/dx = 4x/y, given y(2) = 4.",y² = 4x²,y² = 4x² + 0,y = 4x² + 0,y² = -4x² + 0,b,hard
ch6_q096,ch6,"Solve the separable equation dy/dx = 2x/y, given y(1) = 3.",y = 2x² + 7,y² = 2x² + 7,y² = 2x²,y² = -2x² + 7,b,hard
ch6_q097,ch6,"Solve the separable equation dy/dx = 4x/y, given y(4) = 3.",y² = -4x² - 55,y² = 4x²,y² = 4x² - 55,y = 4x² - 55,c,hard
ch6_q098,ch6,"Solve the separable equation dy/dx = 3x/y, given y(2) = 3.",y² = 3x²,y² = 3x² - 3,y = 3x² - 3,y² = -3x² - 3,b,hard
ch6_q099,ch6,"Solve the separable equation dy/dx = 2x/y, given y(3) = 2.",y² = 2x²,y = 2x² - 14,y² = -2x² - 14,y² = 2x² - 14,d,hard
ch6_q100,ch6,"Solve the separable equation dy/dx = 5x/y, given y(2) = 3.",y = 5x² - 11,y² = -5x² - 11,y² = 5x²,y² = 5x² - 11,d,hard
ch7_q001,ch7,Find the area under y = 8x from x = 0 to x = 8.,255,259,257,256,d,easy
ch7_q002,ch7,Find the area under y = 4x² from x = 0 to x = 9.,972,971,975,973,a,easy
ch7_q003,ch7,Find the area under y = x² from x = 0 to x = 7.,342,346,344,343/3,d,easy
ch7_q004,ch7,Find the area under y = 5x² from x = 0 to x = 4.,323,319,320/3,321,c,easy
ch7_q005,ch7,Find the area under y = 2x² from x = 0 to x = 7.,686/3,687,689,685,a,easy
ch7_q006,ch7,Find the area under y = x² from x = 0 to x = 5.,126,128,125/3,124,c,easy
ch7_q007,ch7,Find the area under y = 6x² from x = 0 to x = 8.,1027,1023,1025,1024,d,easy
ch7_q008,ch7,Find the area under y = 9x from x = 0 to x = 1.,8,12,10,9/2,d,easy
ch7_q009,ch7,Find the area under y = 8x from x = 0 to x = 7.,195,197,196,199,c,easy
ch7_q010,ch7,Find the area under y = 6x from x = 0 to x = 5.,75,74,76,78,a,easy
ch7_q011,ch7,Find the area under y = 5x² from x = 0 to x = 7.,1718,1714,1716,1715/3,d,easy
ch7_q012,ch7,Find the area under y = 3x² from x = 0 to x = 6.,217,216,219,215,b,easy
ch7_q013,ch7,Find the area under y = 7x² from x = 0 to x = 9.,1702,1701,1704,1700,b,easy
ch7_q014,ch7,Find the area under y = 7x² from x = 0 to x = 5.,878,875/3,876,874,b,easy
ch7_q015,ch7,Find the area under y = 3x² from x = 0 to x = 9.,730,728,729,732,c,easy
ch7_q016,ch7,Find the area under y = 7x² from x = 0 to x = 3.,64,63,66,62,b,easy
ch7_q017,ch7,Find the area under y = x² from x = 0 to x = 6.,72,75,73,71,a,easy
ch7_q018,ch7,Find the area under y = 5x from x = 0 to x = 3.,44,46,45/2,48,c,easy
ch7_q019,ch7,Find the area under y = 4x² from x = 0 to x = 4.,255,259,257,256/3,d,easy
ch7_q020,ch7,Find the area under y = 3x from x = 0 to x = 9.,243/2,244,242,246,a,easy
ch7_q021,ch7,Find the area under y = 7x² from x = 0 to x = 8.,3585,3587,3584/3,3583,c,easy
ch7_q022,ch7,Find the area under y = 4x² from x = 0 to x = 1.,5,7,4/3,3,c,easy
ch7_q023,ch7,Find the area under y = 4x from x = 0 to x = 4.,33,31,32,35,c,easy
ch7_q024,ch7,Find the area under y = 8x from x = 0 to x = 6.,147,145,144,143,c,easy
ch7_q025,ch7,Find the area under y = x from x = 0 to x = 7.,48,49/2,52,50,b,easy
ch7_q026,ch7,Find the area under y = 8x² from x = 0 to x = 8.,4097,4099,4095,4096/3,d,easy
ch7_q027,ch7,Find the area under y = 9x² from x = 0 to x = 7.,1032,1030,1028,1029,d,easy
ch7_q028,ch7,Find the area under y = 7x from x = 0 to x = 5.,176,175/2,178,174,b,easy
ch7_q029,ch7,Find the area under y = 5x from x = 0 to x = 1.,5/2,6,4,8,a,easy
ch7_q030,ch7,Find the area under y = 9x² from x = 0 to x = 2.,25,24,27,23,b,easy
ch7_q031,ch7,Find the area under y = 7x from x = 0 to x = 6.,129,125,126,127,c,easy
ch7_q032,ch7,Find the area under y = 4x from x = 0 to x = 8.,127,131,129,128,d,easy
ch7_q033,ch7,Find the area under y = 2x² from x = 0 to x = 2.,19,15,17,16/3,d,easy
ch7_q034,ch7,Find the area under y = 2x from x = 0 to x = 9.,80,81,84,82,b,easy
ch7_q035,ch7,A particle has velocity v(t) = 4t - 6 m/s. Find its displacement from t = 1 to t = 2.,1 m,-1 m,0 m,3 m,c,medium
ch7_q036,ch7,Find the area of the region bounded by y = -x² + 4 and y = 0.,32/3,38,34,30,a,medium
ch7_q037,ch7,A particle has velocity v(t) = -2t - 5 m/s. Find its displacement from t = 1 to t = 5.,-43 m,-45 m,-41 m,-44 m,d,medium
ch7_q038,ch7,Find the area of the region bounded by y = -x² + 25 and y = 0.,502,500/3,506,498,b,medium
ch7_q039,ch7,A particle has velocity v(t) = -t - 3 m/s. Find its displacement from t = 3 to t = 4.,-13/2 m,-10 m,-12 m,-14 m,a,medium
ch7_q040,ch7,Find the area of the region bounded by y = -x² + 36 and y = 0.,286,294,290,288,d,medium
ch7_q041,ch7,Find the area of the region bounded by y = -x² + 9 and y = 0.,38,34,42,36,d,medium
ch7_q042,ch7,A particle has velocity v(t) = t - 5 m/s. Find its displacement from t = 0 to t = 5.,-22 m,-24 m,-25/2 m,-26 m,c,medium
ch7_q043,ch7,A particle has velocity v(t) = 4t - 4 m/s. Find its displacement from t = 3 to t = 4.,11 m,13 m,10 m,9 m,c,medium
ch7_q044,ch7,A particle has velocity v(t) = t - 1 m/s. Find its displacement from t = 0 to t = 3.,2 m,3/2 m,6 m,4 m,b,medium
ch7_q045,ch7,A particle has velocity v(t) = 3t - 4 m/s. Find its displacement from t = 0 to t = 2.,-2 m,1 m,-3 m,-1 m,a,medium
ch7_q046,ch7,A particle has velocity v(t) = 2t + 3 m/s. Find its displacement from t = 2 to t = 5.,33 m,29 m,30 m,31 m,c,medium
ch7_q047,ch7,A particle has velocity v(t) = 3t + 6 m/s. Find its displacement from t = 1 to t = 4.,81/2 m,82 m,84 m,80 m,a,medium
ch7_q048,ch7,A particle has velocity v(t) = -3t + 5 m/s. Find its displacement from t = 1 to t = 4.,-14 m,-15/2 m,-12 m,-16 m,b,medium
ch7_q049,ch7,A particle has velocity v(t) = t + 2 m/s. Find its displacement from t = 1 to t = 5.,21 m,19 m,23 m,20 m,d,medium
ch7_q050,ch7,A particle has velocity v(t) = -3t - 2 m/s. Find its displacement from t = 2 to t = 4.,-19 m,-23 m,-22 m,-21 m,c,medium
ch7_q051,ch7,A particle has velocity v(t) = t + 5 m/s. Find its displacement from t = 4 to t = 5.,20 m,22 m,18 m,19/2 m,d,medium
ch7_q052,ch7,A particle has velocity v(t) = t + 4 m/s. Find its displacement from t = 3 to t = 5.,17 m,19 m,15 m,16 m,d,medium
ch7_q053,ch7,A particle has velocity v(t) = -2t + 4 m/s. Find its displacement from t = 3 to t = 4.,-3 m,-4 m,-2 m,0 m,a,medium
ch7_q054,ch7,A particle has velocity v(t) = t + 2 m/s. Find its displacement from t = 0 to t = 4.,16 m,19 m,15 m,17 m,a,medium
ch7_q055,ch7,A particle has velocity v(t) = -3t - 4 m/s. Find its displacement from t = 0 to t = 2.,-11 m,-14 m,-13 m,-15 m,b,medium
ch7_q056,ch7,A particle has velocity v(t) = -2t + 3 m/s. Find its displacement from t = 0 to t = 2.,3 m,2 m,5 m,1 m,b,medium
ch7_q057,ch7,A particle has velocity v(t) = 2t - 5 m/s. Find its displacement from t = 1 to t = 3.,-2 m,-3 m,1 m,-1 m,a,medium
ch7_q058,ch7,A particle has velocity v(t) = -2t - 5 m/s. Find its displacement from t = 0 to t = 2.,-15 m,-11 m,-14 m,-13 m,c,medium
ch7_q059,ch7,A particle has velocity v(t) = 3t + 5 m/s. Find its displacement from t = 2 to t = 4.,29 m,27 m,28 m,31 m,c,medium
ch7_q060,ch7,A particle has velocity v(t) = 4t - 5 m/s. Find its displacement from t = 0 to t = 2.,1 m,-3 m,-1 m,-2 m,d,medium
ch7_q061,ch7,A particle has velocity v(t) = 3t - 6 m/s. Find its displacement from t = 0 to t = 4.,1 m,3 m,0 m,-1 m,c,medium
ch7_q062,ch7,Find the area of the region bounded by y = -x² + 16 and y = 0.,262,254,256/3,258,c,medium
ch7_q063,ch7,A particle has velocity v(t) = 4t - 1 m/s. Find its displacement from t = 0 to t = 3.,16 m,14 m,15 m,18 m,c,medium
ch7_q064,ch7,A particle has velocity v(t) = -3t - 6 m/s. Find its displacement from t = 4 to t = 5.,-40 m,-36 m,-38 m,-39/2 m,d,medium
ch7_q065,ch7,A particle has velocity v(t) = -2t + 5 m/s. Find its displacement from t = 2 to t = 4.,-3 m,-1 m,-2 m,1 m,c,medium
ch7_q066,ch7,A particle has velocity v(t) = t + 2 m/s. Find its displacement from t = 0 to t = 3.,22 m,24 m,21/2 m,20 m,c,medium
ch7_q067,ch7,A particle has velocity v(t) = -4t - 5 m/s. Find its displacement from t = 3 to t = 5.,-42 m,-43 m,-41 m,-39 m,a,medium
ch7_q068,ch7,Find the area of the region between y = 11x and y = x².,11,1333/6,1331/6,1329/6,c,hard
ch7_q069,ch7,Find the area of the region between y = 6x and y = x².,37,40,35,36,d,hard
ch7_q070,ch7,The region under y = 8x from x = 0 to x = 5 is revolved about the x-axis. Find the volume (disk method).,40π,(8000/3)π,8000π,4000π,b,hard
ch7_q071,ch7,The region under y = 3x from x = 0 to x = 5 is revolved about the x-axis. Find the volume (disk method).,(1125/2)π,375π,1125π,15π,b,hard
ch7_q072,ch7,Find the area of the region between y = 12x and y = x².,292,288,287,289,b,hard
ch7_q073,ch7,The region under y = 8x from x = 0 to x = 2 is revolved about the x-axis. Find the volume (disk method).,(512/3)π,256π,512π,16π,a,hard
ch7_q074,ch7,The region under y = 5x from x = 0 to x = 6 is revolved about the x-axis. Find the volume (disk method).,2700π,1800π,30π,5400π,b,hard
ch7_q075,ch7,Find the area of the region between y = 5x and y = x².,5,125/6,127/6,123/6,b,hard
ch7_q076,ch7,Find the area of the region between y = 16x and y = x².,2048/3,2046/3,2050/3,16,a,hard
ch7_q077,ch7,The region under y = 4x from x = 0 to x = 3 is revolved about the x-axis. Find the volume (disk method).,12π,144π,432π,216π,b,hard
ch7_q078,ch7,Find the area of the region between y = 8x and y = x².,256/3,8,258/3,254/3,a,hard
ch7_q079,ch7,The region under y = 3x from x = 0 to x = 2 is revolved about the x-axis. Find the volume (disk method).,6π,72π,24π,36π,c,hard
ch7_q080,ch7,Find the area of the region between y = 7x and y = x².,341/6,343/6,7,345/6,b,hard
ch7_q081,ch7,The region under y = 7x from x = 0 to x = 6 is revolved about the x-axis. Find the volume (disk method).,10584π,3528π,42π,5292π,b,hard
ch7_q082,ch7,The region under y = 3x from x = 0 to x = 3 is revolved about the x-axis. Find the volume (disk method).,81π,243π,9π,(243/2)π,a,hard
ch7_q083,ch7,The region under y = 4x from x = 0 to x = 6 is revolved about the x-axis. Find the volume (disk method).,1152π,3456π,1728π,24π,a,hard
ch7_q084,ch7,Find the area of the region between y = 13x and y = x².,13,2195/6,2199/6,2197/6,d,hard
ch7_q085,ch7,Find the area of the region between y = 3x and y = x².,11/2,9/2,3,7/2,b,hard
ch7_q086,ch7,The region under y = 6x from x = 0 to x = 2 is revolved about the x-axis. Find the volume (disk method).,288π,144π,96π,12π,c,hard
ch7_q087,ch7,Find the area of the region between y = 14x and y = x².,1372/3,1370/3,14,1374/3,a,hard
ch7_q088,ch7,The region under y = 8x from x = 0 to x = 3 is revolved about the x-axis. Find the volume (disk method).,576π,864π,24π,1728π,a,hard
ch7_q089,ch7,Find the area of the region between y = 15x and y = x².,15,1125/2,1127/2,1123/2,b,hard
ch7_q090,ch7,The region under y = 1x from x = 0 to x = 2 is revolved about the x-axis. Find the volume (disk method).,2π,8π,4π,(8/3)π,d,hard
ch7_q091,ch7,The region under y = 3x from x = 0 to x = 7 is revolved about the x-axis. Find the volume (disk method).,1029π,3087π,21π,(3087/2)π,a,hard
ch7_q092,ch7,The region under y = 8x from x = 0 to x = 7 is revolved about the x-axis. Find the volume (disk method).,(21952/3)π,56π,21952π,10976π,a,hard
ch7_q093,ch7,The region under y = 8x from x = 0 to x = 4 is revolved about the x-axis. Find the volume (disk method).,(4096/3)π,2048π,4096π,32π,a,hard
ch7_q094,ch7,The region under y = 1x from x = 0 to x = 8 is revolved about the x-axis. Find the volume (disk method).,256π,512π,(512/3)π,8π,c,hard
ch7_q095,ch7,Find the area of the region between y = 18x and y = x².,971,976,973,972,d,hard
ch7_q096,ch7,Find the area of the region between y = 2x and y = x².,4/3,6/3,2/3,2,a,hard
ch7_q097,ch7,The region under y = 5x from x = 0 to x = 5 is revolved about the x-axis. Find the volume (disk method).,(3125/2)π,3125π,25π,(3125/3)π,d,hard
ch7_q098,ch7,The region under y = 1x from x = 0 to x = 5 is revolved about the x-axis. Find the volume (disk method).,(125/2)π,5π,125π,(125/3)π,d,hard
ch7_q099,ch7,Find the area of the region between y = 10x and y = x².,500/3,498/3,10,502/3,a,hard
ch7_q100,ch7,The region under y = 2x from x = 0 to x = 3 is revolved about the x-axis. Find the volume (disk method).,36π,54π,6π,108π,a,hard
