student_id,display_name,cohort
student_001,Ananya B.,Morning
student_002,Aditya C.,Morning
student_003,Myra D.,Morning
student_004,Ananya E.,Morning
student_005,Yash F.,Evening
student_006,Diya G.,Morning
student_007,Vihaan H.,Morning
student_008,Myra I.,Morning
student_009,Naina J.,Morning
student_010,Naina K.,Evening
student_011,Myra L.,Evening
student_012,Yash M.,Evening
student_013,Aarav N.,Morning
student_014,Kiara O.,Evening
student_015,Aditya P.,Morning
student_016,Reyansh Q.,Evening
student_017,Ananya R.,Morning
student_018,Vivaan S.,Morning
student_019,Anika T.,Evening
student_020,Riya U.,Evening
student_021,Diya V.,Evening
student_022,Naina W.,Morning
student_023,Vivaan X.,Morning
student_024,Naina Y.,Evening
student_025,Riya Z.,Evening
student_026,Yash A.,Morning
student_027,Vihaan B.,Morning
student_028,Myra C.,Evening
student_029,Vihaan D.,Morning
student_030,Ananya E.,Evening
student_031,Aditya F.,Evening
student_032,Anika G.,Morning
student_033,Anika H.,Evening
student_034,Reyansh I.,Evening
student_035,Vihaan J.,Morning
student_036,Naina K.,Morning
student_037,Ishita L.,Evening
student_038,Vivaan M.,Evening
student_039,Naina N.,Morning
student_040,Arjun O.,Morning
